收款商户号,支付记录编号,支付时间,支付金额,收入金额,通道号,银行支付记录编号,成功日期,清算勾兑日期,内扣手续费,外扣手续费,对账类型,记录生成日期,
20121114018,20130326131838,2013/3/26 21:12:24,2000,11.92,104,,2013/3/26 21:12:24,2013/3/26 0:00:00,,,1,2013/3/27 9:42:48,
20121114018,20130326131832,2013/3/26 20:42:05,2000,11.92,104,,2013/3/26 20:42:05,2013/3/26 0:00:00,,,1,2013/3/27 9:42:48,
20121114018,20130326131831,2013/3/26 20:40:21,2000,11.92,104,,2013/3/26 20:40:22,2013/3/26 0:00:00,,,1,2013/3/27 9:42:48,
20121114018,20130326131829,2013/3/26 20:39:19,2000,11.92,104,,2013/3/26 20:39:20,2013/3/26 0:00:00,,,1,2013/3/27 9:42:48,
20121114018,20130326131824,2013/3/26 20:22:19,1000,5.96,104,,2013/3/26 20:22:20,2013/3/26 0:00:00,,,1,2013/3/27 9:42:48,
20121114018,20130326131818,2013/3/26 20:12:59,105600,629.376,104,,2013/3/26 20:13:00,2013/3/26 0:00:00,,,1,2013/3/27 9:42:48,
20121114018,20130326131817,2013/3/26 20:12:05,1000,5.96,104,,2013/3/26 20:12:05,2013/3/26 0:00:00,,,1,2013/3/27 9:42:48,
20121114018,20130326131814,2013/3/26 20:08:52,1000,5.96,104,,2013/3/26 20:08:53,2013/3/26 0:00:00,,,1,2013/3/27 9:42:48,
20121114018,20130326131813,2013/3/26 20:08:45,2000,11.92,104,,2013/3/26 20:08:46,2013/3/26 0:00:00,,,1,2013/3/27 9:42:48,
20121114018,20130326131807,2013/3/26 19:58:05,10000,59.6,104,,2013/3/26 19:58:05,2013/3/26 0:00:00,,,1,2013/3/27 9:42:48,
20121114018,20130326131806,2013/3/26 19:56:41,8000,47.68,104,,2013/3/26 19:56:42,2013/3/26 0:00:00,,,1,2013/3/27 9:42:48,
20121114018,20130326131805,2013/3/26 19:55:44,5000,29.8,104,,2013/3/26 19:55:44,2013/3/26 0:00:00,,,1,2013/3/27 9:42:48,
20121114018,20130326131804,2013/3/26 19:55:16,5000,29.8,104,,2013/3/26 19:55:17,2013/3/26 0:00:00,,,1,2013/3/27 9:42:48,
20121114018,20130326131793,2013/3/26 19:07:07,1000,5.96,104,,2013/3/26 19:07:08,2013/3/26 0:00:00,,,1,2013/3/27 9:42:48,
20121114018,20130326131779,2013/3/26 18:00:35,1000,5.96,104,,2013/3/26 18:00:35,2013/3/26 0:00:00,,,1,2013/3/27 9:42:48,
20121114018,20130326131774,2013/3/26 17:38:17,1000,5.96,104,,2013/3/26 17:38:17,2013/3/26 0:00:00,,,1,2013/3/27 9:42:48,
20121114018,20130326131773,2013/3/26 17:37:47,500,2.98,104,,2013/3/26 17:37:48,2013/3/26 0:00:00,,,1,2013/3/27 9:42:48,
20121114018,20130326131769,2013/3/26 17:31:05,2000,11.92,104,,2013/3/26 17:31:06,2013/3/26 0:00:00,,,1,2013/3/27 9:42:48,
20121114018,20130326131764,2013/3/26 17:19:17,2000,11.92,104,,2013/3/26 17:19:18,2013/3/26 0:00:00,,,1,2013/3/27 9:42:48,
20121114018,20130326131760,2013/3/26 16:59:54,2000,11.92,104,,2013/3/26 16:59:55,2013/3/26 0:00:00,,,1,2013/3/27 9:42:48,
20121114018,20130326131754,2013/3/26 16:31:44,5004.95,29.829502,104,,2013/3/26 16:31:48,2013/3/26 0:00:00,,,1,2013/3/27 9:42:48,
20121114018,20130326131751,2013/3/26 16:15:58,1000,5.96,104,,2013/3/26 16:15:59,2013/3/26 0:00:00,,,1,2013/3/27 9:42:48,
20121114018,20130326131749,2013/3/26 16:03:16,2000,11.92,104,,2013/3/26 16:03:17,2013/3/26 0:00:00,,,1,2013/3/27 9:42:48,
20121114018,20130326131740,2013/3/26 15:26:12,1000,5.96,104,,2013/3/26 15:26:13,2013/3/26 0:00:00,,,1,2013/3/27 9:42:48,
20121114018,20130326131732,2013/3/26 15:01:55,5000,29.8,104,,2013/3/26 15:01:55,2013/3/26 0:00:00,,,1,2013/3/27 9:42:48,
20121114018,20130326131731,2013/3/26 15:01:31,1000,5.96,104,,2013/3/26 15:01:31,2013/3/26 0:00:00,,,1,2013/3/27 9:42:48,
20121114018,20130326131730,2013/3/26 15:01:13,1000,5.96,104,,2013/3/26 15:01:13,2013/3/26 0:00:00,,,1,2013/3/27 9:42:48,
20121114018,20130326131726,2013/3/26 14:59:24,1000,5.96,104,,2013/3/26 14:59:25,2013/3/26 0:00:00,,,1,2013/3/27 9:42:48,
20121114018,20130326131723,2013/3/26 14:58:19,10000,59.6,104,,2013/3/26 14:58:20,2013/3/26 0:00:00,,,1,2013/3/27 9:42:48,
20121114018,20130326131713,2013/3/26 14:53:59,10000,59.6,104,,2013/3/26 14:54:00,2013/3/26 0:00:00,,,1,2013/3/27 9:42:48,
20121114018,20130326131709,2013/3/26 14:53:02,2000,11.92,104,,2013/3/26 14:53:03,2013/3/26 0:00:00,,,1,2013/3/27 9:42:48,
20121114018,20130326131703,2013/3/26 14:51:15,5000,29.8,104,,2013/3/26 14:51:16,2013/3/26 0:00:00,,,1,2013/3/27 9:42:48,
20121114018,20130326131701,2013/3/26 14:50:55,2000,11.92,104,,2013/3/26 14:50:56,2013/3/26 0:00:00,,,1,2013/3/27 9:42:48,
20121114018,20130326131700,2013/3/26 14:50:35,2000,11.92,104,,2013/3/26 14:50:35,2013/3/26 0:00:00,,,1,2013/3/27 9:42:48,
20121114018,20130326131698,2013/3/26 14:50:02,28000,166.88,104,,2013/3/26 14:50:03,2013/3/26 0:00:00,,,1,2013/3/27 9:42:48,
20121114018,20130326131696,2013/3/26 14:49:45,1000,5.96,104,,2013/3/26 14:49:46,2013/3/26 0:00:00,,,1,2013/3/27 9:42:48,
20121114018,20130326131692,2013/3/26 14:49:02,3000,17.88,104,,2013/3/26 14:49:03,2013/3/26 0:00:00,,,1,2013/3/27 9:42:48,
20121114018,20130326131691,2013/3/26 14:49:01,2000,11.92,104,,2013/3/26 14:49:01,2013/3/26 0:00:00,,,1,2013/3/27 9:42:48,
20121114018,20130326131682,2013/3/26 14:47:54,1000,5.96,104,,2013/3/26 14:47:55,2013/3/26 0:00:00,,,1,2013/3/27 9:42:48,
20121114018,20130326131681,2013/3/26 14:47:51,2000,11.92,104,,2013/3/26 14:47:52,2013/3/26 0:00:00,,,1,2013/3/27 9:42:48,
20121114018,20130326131678,2013/3/26 14:47:11,19000,113.24,104,,2013/3/26 14:47:11,2013/3/26 0:00:00,,,1,2013/3/27 9:42:48,
20121114018,20130326131670,2013/3/26 14:45:24,1000,5.96,104,,2013/3/26 14:45:24,2013/3/26 0:00:00,,,1,2013/3/27 9:42:48,
20121114018,20130326131658,2013/3/26 14:44:02,4000,23.84,104,,2013/3/26 14:44:02,2013/3/26 0:00:00,,,1,2013/3/27 9:42:48,
20121114018,20130326131657,2013/3/26 14:43:59,30000,178.8,104,,2013/3/26 14:44:00,2013/3/26 0:00:00,,,1,2013/3/27 9:42:48,
20121114018,20130326131654,2013/3/26 14:43:32,2000,11.92,104,,2013/3/26 14:43:33,2013/3/26 0:00:00,,,1,2013/3/27 9:42:48,
20121114018,20130326131651,2013/3/26 14:42:33,5000,29.8,104,,2013/3/26 14:42:33,2013/3/26 0:00:00,,,1,2013/3/27 9:42:48,
20121114018,20130326131647,2013/3/26 14:42:12,2000,11.92,104,,2013/3/26 14:42:13,2013/3/26 0:00:00,,,1,2013/3/27 9:42:48,
20121114018,20130326131646,2013/3/26 14:42:04,2000,11.92,104,,2013/3/26 14:42:05,2013/3/26 0:00:00,,,1,2013/3/27 9:42:48,
20121114018,20130326131637,2013/3/26 14:40:28,2000,11.92,104,,2013/3/26 14:40:28,2013/3/26 0:00:00,,,1,2013/3/27 9:42:48,
20121114018,20130326131633,2013/3/26 14:39:32,10000,59.6,104,,2013/3/26 14:39:33,2013/3/26 0:00:00,,,1,2013/3/27 9:42:48,
20121114018,20130326131632,2013/3/26 14:39:20,1000,5.96,104,,2013/3/26 14:39:20,2013/3/26 0:00:00,,,1,2013/3/27 9:42:48,
20121114018,20130326131630,2013/3/26 14:39:12,10000,59.6,104,,2013/3/26 14:39:13,2013/3/26 0:00:00,,,1,2013/3/27 9:42:48,
20121114018,20130326131628,2013/3/26 14:38:57,1000,5.96,104,,2013/3/26 14:38:58,2013/3/26 0:00:00,,,1,2013/3/27 9:42:48,
20121114018,20130326131626,2013/3/26 14:38:16,5000,29.8,104,,2013/3/26 14:38:17,2013/3/26 0:00:00,,,1,2013/3/27 9:42:48,
20121114018,20130326131625,2013/3/26 14:38:14,5000,29.8,104,,2013/3/26 14:38:14,2013/3/26 0:00:00,,,1,2013/3/27 9:42:48,
20121114018,20130326131623,2013/3/26 14:37:23,2000,11.92,104,,2013/3/26 14:37:24,2013/3/26 0:00:00,,,1,2013/3/27 9:42:48,
20121114018,20130326131617,2013/3/26 14:34:21,7000,41.72,104,,2013/3/26 14:34:21,2013/3/26 0:00:00,,,1,2013/3/27 9:42:48,
20121114018,20130326131609,2013/3/26 14:27:56,2000,11.92,104,,2013/3/26 14:27:57,2013/3/26 0:00:00,,,1,2013/3/27 9:42:48,
20121114018,20130326131607,2013/3/26 14:26:20,1000,5.96,104,,2013/3/26 14:26:20,2013/3/26 0:00:00,,,1,2013/3/27 9:42:48,
20121114018,20130326131600,2013/3/26 14:22:06,30000,178.8,104,,2013/3/26 14:22:07,2013/3/26 0:00:00,,,1,2013/3/27 9:42:48,
20121114018,20130326131599,2013/3/26 14:21:18,30000,178.8,104,,2013/3/26 14:21:19,2013/3/26 0:00:00,,,1,2013/3/27 9:42:48,
20121114018,20130326131594,2013/3/26 14:18:44,10000,59.6,104,,2013/3/26 14:18:45,2013/3/26 0:00:00,,,1,2013/3/27 9:42:48,
20121114018,20130326131589,2013/3/26 14:17:15,1000,5.96,104,,2013/3/26 14:17:16,2013/3/26 0:00:00,,,1,2013/3/27 9:42:48,
20121114018,20130326131587,2013/3/26 14:15:44,1000,5.96,104,,2013/3/26 14:15:45,2013/3/26 0:00:00,,,1,2013/3/27 9:42:48,
20121114018,20130326131584,2013/3/26 14:12:36,1000,5.96,104,,2013/3/26 14:12:36,2013/3/26 0:00:00,,,1,2013/3/27 9:42:48,
20121114018,20130326131575,2013/3/26 14:05:10,4000,23.84,104,,2013/3/26 14:05:10,2013/3/26 0:00:00,,,1,2013/3/27 9:42:48,
20121114018,20130326131574,2013/3/26 14:04:59,1000,5.96,104,,2013/3/26 14:04:59,2013/3/26 0:00:00,,,1,2013/3/27 9:42:48,
20121114018,20130326131565,2013/3/26 13:58:06,9600,57.216,104,,2013/3/26 13:58:07,2013/3/26 0:00:00,,,1,2013/3/27 9:42:48,
20121114018,20130326131562,2013/3/26 13:56:39,1100,6.556,104,,2013/3/26 13:56:40,2013/3/26 0:00:00,,,1,2013/3/27 9:42:48,
20121114018,20130326131560,2013/3/26 13:55:26,2200,13.112,104,,2013/3/26 13:55:27,2013/3/26 0:00:00,,,1,2013/3/27 9:42:48,
20121114018,20130326131555,2013/3/26 13:49:46,10000,59.6,104,,2013/3/26 13:49:47,2013/3/26 0:00:00,,,1,2013/3/27 9:42:48,
20121114018,20130326131554,2013/3/26 13:49:13,1000,5.96,104,,2013/3/26 13:49:14,2013/3/26 0:00:00,,,1,2013/3/27 9:42:48,
20121114018,20130326131550,2013/3/26 13:44:56,5000,29.8,104,,2013/3/26 13:44:57,2013/3/26 0:00:00,,,1,2013/3/27 9:42:48,
20121114018,20130326131538,2013/3/26 13:30:23,5000,29.8,104,,2013/3/26 13:30:24,2013/3/26 0:00:00,,,1,2013/3/27 9:42:48,
20121114018,20130326131535,2013/3/26 13:26:14,100,0.596,104,,2013/3/26 13:26:15,2013/3/26 0:00:00,,,1,2013/3/27 9:42:48,
20121114018,20130326131531,2013/3/26 13:21:22,1000,5.96,104,,2013/3/26 13:21:22,2013/3/26 0:00:00,,,1,2013/3/27 9:42:48,
20121114018,20130326131529,2013/3/26 13:20:21,2000,11.92,104,,2013/3/26 13:20:22,2013/3/26 0:00:00,,,1,2013/3/27 9:42:48,
20121114018,20130326131526,2013/3/26 13:15:55,5000,29.8,104,,2013/3/26 13:15:55,2013/3/26 0:00:00,,,1,2013/3/27 9:42:48,
20121114018,20130326131512,2013/3/26 13:00:26,6000,35.76,104,,2013/3/26 13:00:26,2013/3/26 0:00:00,,,1,2013/3/27 9:42:48,
20121114018,20130326131507,2013/3/26 12:54:21,5000,29.8,104,,2013/3/26 12:54:22,2013/3/26 0:00:00,,,1,2013/3/27 9:42:48,
20121114018,20130326131504,2013/3/26 12:51:32,3500,20.86,104,,2013/3/26 12:51:33,2013/3/26 0:00:00,,,1,2013/3/27 9:42:48,
20121114018,20130326131498,2013/3/26 12:39:19,1000,5.96,104,,2013/3/26 12:39:20,2013/3/26 0:00:00,,,1,2013/3/27 9:42:48,
20121114018,20130326131497,2013/3/26 12:38:20,3000,17.88,104,,2013/3/26 12:38:20,2013/3/26 0:00:00,,,1,2013/3/27 9:42:48,
20121114018,20130326131490,2013/3/26 12:21:16,10000,59.6,104,,2013/3/26 12:21:17,2013/3/26 0:00:00,,,1,2013/3/27 9:42:48,
20121114018,20130326131489,2013/3/26 12:20:24,1000,5.96,104,,2013/3/26 12:20:24,2013/3/26 0:00:00,,,1,2013/3/27 9:42:48,
20121114018,20130326131488,2013/3/26 12:19:55,10000,59.6,104,,2013/3/26 12:19:55,2013/3/26 0:00:00,,,1,2013/3/27 9:42:48,
20121114018,20130326131486,2013/3/26 12:18:50,10000,59.6,104,,2013/3/26 12:18:51,2013/3/26 0:00:00,,,1,2013/3/27 9:42:48,
20121114018,20130326131481,2013/3/26 12:04:45,1000,5.96,104,,2013/3/26 12:04:46,2013/3/26 0:00:00,,,1,2013/3/27 9:42:48,
20121114018,20130326131475,2013/3/26 11:52:15,200000,1192,104,,2013/3/26 11:52:16,2013/3/26 0:00:00,,,1,2013/3/27 9:42:48,
20121114018,20130326131471,2013/3/26 11:45:02,2000,11.92,104,,2013/3/26 11:45:02,2013/3/26 0:00:00,,,1,2013/3/27 9:42:48,
20121114018,20130326131468,2013/3/26 11:41:56,5000,29.8,104,,2013/3/26 11:41:56,2013/3/26 0:00:00,,,1,2013/3/27 9:42:48,
20121114018,20130326131465,2013/3/26 11:40:36,5000,29.8,104,,2013/3/26 11:40:37,2013/3/26 0:00:00,,,1,2013/3/27 9:42:48,
20121114018,20130326131464,2013/3/26 11:37:42,49000,292.04,104,,2013/3/26 11:37:43,2013/3/26 0:00:00,,,1,2013/3/27 9:42:48,
20121114018,20130326131462,2013/3/26 11:31:20,100,0.596,104,,2013/3/26 11:31:21,2013/3/26 0:00:00,,,1,2013/3/27 9:42:48,
20121114018,20130326131461,2013/3/26 11:30:50,1600,9.536,104,,2013/3/26 11:30:50,2013/3/26 0:00:00,,,1,2013/3/27 9:42:48,
20121114018,20130326131450,2013/3/26 11:23:11,3000,17.88,104,,2013/3/26 11:23:11,2013/3/26 0:00:00,,,1,2013/3/27 9:42:48,
20121114018,20130326131449,2013/3/26 11:22:49,1695,10.1022,104,,2013/3/26 11:22:50,2013/3/26 0:00:00,,,1,2013/3/27 9:42:48,
20121114018,20130326131447,2013/3/26 11:21:31,10016,59.69536,104,,2013/3/26 11:21:32,2013/3/26 0:00:00,,,1,2013/3/27 9:42:48,
20121114018,20130326131443,2013/3/26 11:15:57,400,2.384,104,,2013/3/26 11:15:58,2013/3/26 0:00:00,,,1,2013/3/27 9:42:48,
20121114018,20130326131442,2013/3/26 11:15:55,2000,11.92,104,,2013/3/26 11:15:56,2013/3/26 0:00:00,,,1,2013/3/27 9:42:48,
20121114018,20130326131440,2013/3/26 11:15:51,100,0.596,104,,2013/3/26 11:15:52,2013/3/26 0:00:00,,,1,2013/3/27 9:42:48,
20121114018,20130326131436,2013/3/26 11:10:24,20000,119.2,104,,2013/3/26 11:10:25,2013/3/26 0:00:00,,,1,2013/3/27 9:42:48,
20121114018,20130326131423,2013/3/26 10:52:47,5000,29.8,104,,2013/3/26 10:52:48,2013/3/26 0:00:00,,,1,2013/3/27 9:42:48,
20121114018,20130326131422,2013/3/26 10:52:17,1000,5.96,104,,2013/3/26 10:52:18,2013/3/26 0:00:00,,,1,2013/3/27 9:42:48,
20121114018,20130326131420,2013/3/26 10:50:14,2000,11.92,104,,2013/3/26 10:50:15,2013/3/26 0:00:00,,,1,2013/3/27 9:42:48,
20121114018,20130326131417,2013/3/26 10:44:12,3000,17.88,104,,2013/3/26 10:44:13,2013/3/26 0:00:00,,,1,2013/3/27 9:42:48,
20121114018,20130326131415,2013/3/26 10:41:42,15000,89.4,104,,2013/3/26 10:41:42,2013/3/26 0:00:00,,,1,2013/3/27 9:42:48,
20121114018,20130326131412,2013/3/26 10:40:19,3000,17.88,104,,2013/3/26 10:40:20,2013/3/26 0:00:00,,,1,2013/3/27 9:42:48,
20121114018,20130326131410,2013/3/26 10:39:28,3000,17.88,104,,2013/3/26 10:39:29,2013/3/26 0:00:00,,,1,2013/3/27 9:42:48,
20121114018,20130326131407,2013/3/26 10:35:05,4000,23.84,104,,2013/3/26 10:35:06,2013/3/26 0:00:00,,,1,2013/3/27 9:42:48,
20121114018,20130326131398,2013/3/26 10:27:02,2000,11.92,104,,2013/3/26 10:27:03,2013/3/26 0:00:00,,,1,2013/3/27 9:42:48,
20121114018,20130326131392,2013/3/26 10:17:50,100,0.596,104,,2013/3/26 10:17:50,2013/3/26 0:00:00,,,1,2013/3/27 9:42:48,
20121114018,20130326131391,2013/3/26 10:17:17,1500,8.94,104,,2013/3/26 10:17:18,2013/3/26 0:00:00,,,1,2013/3/27 9:42:48,
20121114018,20130326131390,2013/3/26 10:14:18,500,2.98,104,,2013/3/26 10:14:18,2013/3/26 0:00:00,,,1,2013/3/27 9:42:48,
20121114018,20130326131389,2013/3/26 10:14:04,1000,5.96,104,,2013/3/26 10:14:05,2013/3/26 0:00:00,,,1,2013/3/27 9:42:48,
20121114018,20130326131388,2013/3/26 10:12:50,5,0.0298,104,,2013/3/26 10:12:51,2013/3/26 0:00:00,,,1,2013/3/27 9:42:48,
20121114018,20130326131382,2013/3/26 9:50:37,700,4.172,104,,2013/3/26 9:50:38,2013/3/26 0:00:00,,,1,2013/3/27 9:42:48,
20121114018,20130326131376,2013/3/26 9:49:54,70000,417.2,104,,2013/3/26 9:49:55,2013/3/26 0:00:00,,,1,2013/3/27 9:42:48,
20121114018,20130326131371,2013/3/26 9:49:18,700,4.172,104,,2013/3/26 9:49:19,2013/3/26 0:00:00,,,1,2013/3/27 9:42:48,
20121114018,20130326131366,2013/3/26 9:48:37,100,0.596,104,,2013/3/26 9:48:38,2013/3/26 0:00:00,,,1,2013/3/27 9:42:48,
20121114018,20130326131361,2013/3/26 9:48:02,1000,5.96,104,,2013/3/26 9:48:03,2013/3/26 0:00:00,,,1,2013/3/27 9:42:48,
20121114018,20130326131360,2013/3/26 9:47:52,700,4.172,104,,2013/3/26 9:47:53,2013/3/26 0:00:00,,,1,2013/3/27 9:42:48,
20121114018,20130326131356,2013/3/26 9:47:19,200,1.192,104,,2013/3/26 9:47:20,2013/3/26 0:00:00,,,1,2013/3/27 9:42:48,
20121114018,20130326131355,2013/3/26 9:46:54,100,0.596,104,,2013/3/26 9:46:55,2013/3/26 0:00:00,,,1,2013/3/27 9:42:48,
20121114018,20130326131353,2013/3/26 9:46:27,700,4.172,104,,2013/3/26 9:46:27,2013/3/26 0:00:00,,,1,2013/3/27 9:42:48,
20121114018,20130326131352,2013/3/26 9:46:04,100,0.596,104,,2013/3/26 9:46:04,2013/3/26 0:00:00,,,1,2013/3/27 9:42:48,
20121114018,20130326131351,2013/3/26 9:44:49,700,4.172,104,,2013/3/26 9:44:50,2013/3/26 0:00:00,,,1,2013/3/27 9:42:48,
20121114018,20130326131350,2013/3/26 9:44:46,100,0.596,104,,2013/3/26 9:44:47,2013/3/26 0:00:00,,,1,2013/3/27 9:42:48,
20121114018,20130326131348,2013/3/26 9:44:42,700,4.172,104,,2013/3/26 9:44:42,2013/3/26 0:00:00,,,1,2013/3/27 9:42:48,
20121114018,20130326131346,2013/3/26 9:44:36,100,0.596,104,,2013/3/26 9:44:36,2013/3/26 0:00:00,,,1,2013/3/27 9:42:48,
20121114018,20130326131333,2013/3/26 9:43:14,700,4.172,104,,2013/3/26 9:43:15,2013/3/26 0:00:00,,,1,2013/3/27 9:42:48,
20121114018,20130326131332,2013/3/26 9:43:12,100,0.596,104,,2013/3/26 9:43:13,2013/3/26 0:00:00,,,1,2013/3/27 9:42:48,
20121114018,20130326131327,2013/3/26 9:42:40,200,1.192,104,,2013/3/26 9:42:40,2013/3/26 0:00:00,,,1,2013/3/27 9:42:48,
20121114018,20130326131319,2013/3/26 9:40:46,1000,5.96,104,,2013/3/26 9:40:46,2013/3/26 0:00:00,,,1,2013/3/27 9:42:48,
20121114018,20130326131309,2013/3/26 9:34:31,100,0.596,104,,2013/3/26 9:34:32,2013/3/26 0:00:00,,,1,2013/3/27 9:42:48,
20121114018,20130326131308,2013/3/26 9:34:13,100,0.596,104,,2013/3/26 9:34:14,2013/3/26 0:00:00,,,1,2013/3/27 9:42:48,
20121114018,20130326131306,2013/3/26 9:33:44,100,0.596,104,,2013/3/26 9:33:44,2013/3/26 0:00:00,,,1,2013/3/27 9:42:48,
20121114018,20130326131304,2013/3/26 9:33:27,100,0.596,104,,2013/3/26 9:33:27,2013/3/26 0:00:00,,,1,2013/3/27 9:42:48,
20121114018,20130326131302,2013/3/26 9:33:19,250,1.49,104,,2013/3/26 9:33:19,2013/3/26 0:00:00,,,1,2013/3/27 9:42:48,
20121114018,20130326131297,2013/3/26 9:30:26,1000,5.96,104,,2013/3/26 9:30:27,2013/3/26 0:00:00,,,1,2013/3/27 9:42:48,
20121114018,20130326131293,2013/3/26 9:29:56,100,0.596,104,,2013/3/26 9:29:57,2013/3/26 0:00:00,,,1,2013/3/27 9:42:48,
20121114018,20130326131290,2013/3/26 9:28:40,500,2.98,104,,2013/3/26 9:28:41,2013/3/26 0:00:00,,,1,2013/3/27 9:42:48,
20121114018,20130326131285,2013/3/26 9:26:29,200,1.192,104,,2013/3/26 9:26:30,2013/3/26 0:00:00,,,1,2013/3/27 9:42:48,
20121114018,20130326131281,2013/3/26 9:23:54,333,1.98468,104,,2013/3/26 9:23:55,2013/3/26 0:00:00,,,1,2013/3/27 9:42:48,
20121114018,20130326131277,2013/3/26 9:22:38,200,1.192,104,,2013/3/26 9:22:39,2013/3/26 0:00:00,,,1,2013/3/27 9:42:48,
20121114018,20130326131275,2013/3/26 9:22:13,500,2.98,104,,2013/3/26 9:22:14,2013/3/26 0:00:00,,,1,2013/3/27 9:42:48,
20121114018,20130326131274,2013/3/26 9:21:17,100,0.596,104,,2013/3/26 9:21:18,2013/3/26 0:00:00,,,1,2013/3/27 9:42:48,
20121114018,20130326131273,2013/3/26 9:21:15,100,0.596,104,,2013/3/26 9:21:16,2013/3/26 0:00:00,,,1,2013/3/27 9:42:48,
20121114018,20130326131268,2013/3/26 9:19:27,1500,8.94,104,,2013/3/26 9:19:28,2013/3/26 0:00:00,,,1,2013/3/27 9:42:48,
20121114018,20130326131265,2013/3/26 9:18:27,200,1.192,104,,2013/3/26 9:18:28,2013/3/26 0:00:00,,,1,2013/3/27 9:42:48,
20121114018,20130326131247,2013/3/26 9:12:53,100,0.596,104,,2013/3/26 9:12:54,2013/3/26 0:00:00,,,1,2013/3/27 9:42:48,
20121114018,20130326131246,2013/3/26 9:12:53,100,0.596,104,,2013/3/26 9:12:54,2013/3/26 0:00:00,,,1,2013/3/27 9:42:48,
20121114018,20130326131245,2013/3/26 9:12:53,100,0.596,104,,2013/3/26 9:12:54,2013/3/26 0:00:00,,,1,2013/3/27 9:42:48,
20121114018,20130326131244,2013/3/26 9:12:53,100,0.596,104,,2013/3/26 9:12:54,2013/3/26 0:00:00,,,1,2013/3/27 9:42:48,
20121114018,20130326131243,2013/3/26 9:12:53,100,0.596,104,,2013/3/26 9:12:53,2013/3/26 0:00:00,,,1,2013/3/27 9:42:48,
20121114018,20130326131221,2013/3/26 9:01:49,100,0.596,104,,2013/3/26 9:01:50,2013/3/26 0:00:00,,,1,2013/3/27 9:42:48,
20121114018,20130326131216,2013/3/26 9:01:06,1000,5.96,104,,2013/3/26 9:01:07,2013/3/26 0:00:00,,,1,2013/3/27 9:42:48,
20121114018,20130326131194,2013/3/26 1:48:06,500,2.98,104,,2013/3/26 1:48:07,2013/3/26 0:00:00,,,1,2013/3/27 9:42:48,
20121114018,20130326131193,2013/3/26 1:33:25,3000,17.88,104,,2013/3/26 1:33:25,2013/3/26 0:00:00,,,1,2013/3/27 9:42:48,
20121114018,20130326131192,2013/3/26 1:31:33,5000,29.8,104,,2013/3/26 1:31:34,2013/3/26 0:00:00,,,1,2013/3/27 9:42:48,
20121114018,20130326131191,2013/3/26 1:23:57,2000,11.92,104,,2013/3/26 1:23:58,2013/3/26 0:00:00,,,1,2013/3/27 9:42:48,
20121114018,20130326131862,2013/3/26 22:30:51,3000,17.88,105,,2013/3/26 22:30:58,2013/3/26 0:00:00,,,1,2013/3/27 9:42:19,
20121114018,20130326131853,2013/3/26 22:13:30,5000,29.8,105,,2013/3/26 22:13:38,2013/3/26 0:00:00,,,1,2013/3/27 9:42:19,
20121114018,20130326131780,2013/3/26 18:06:06,4500,26.82,105,,2013/3/26 18:06:13,2013/3/26 0:00:00,,,1,2013/3/27 9:42:19,
20121114018,20130326131610,2013/3/26 14:30:09,2000,11.92,105,,2013/3/26 14:30:16,2013/3/26 0:00:00,,,1,2013/3/27 9:42:19,
20121114018,20130326131602,2013/3/26 14:23:00,20000,119.2,105,,2013/3/26 14:23:07,2013/3/26 0:00:00,,,1,2013/3/27 9:42:19,
20121114018,20130326131591,2013/3/26 14:17:59,500,2.98,105,,2013/3/26 14:18:06,2013/3/26 0:00:00,,,1,2013/3/27 9:42:19,
20121114018,20130326131581,2013/3/26 14:11:23,10036.1,59.815156,105,,2013/3/26 14:11:30,2013/3/26 0:00:00,,,1,2013/3/27 9:42:19,
20121114018,20130326131444,2013/3/26 11:16:44,4000,23.84,105,,2013/3/26 11:16:51,2013/3/26 0:00:00,,,1,2013/3/27 9:42:19,
20121114018,20130326131428,2013/3/26 11:00:22,5000,29.8,105,,2013/3/26 11:00:29,2013/3/26 0:00:00,,,1,2013/3/27 9:42:19,
20121114018,20130326131425,2013/3/26 10:54:15,50000,298,105,,2013/3/26 10:54:22,2013/3/26 0:00:00,,,1,2013/3/27 9:42:19,
20121114018,20130326131403,2013/3/26 10:31:47,49500,295.02,105,,2013/3/26 10:31:54,2013/3/26 0:00:00,,,1,2013/3/27 9:42:19,
20121114018,20130326131335,2013/3/26 9:43:37,100,0.596,105,,2013/3/26 9:43:44,2013/3/26 0:00:00,,,1,2013/3/27 9:42:19,
20121114018,20130326131227,2013/3/26 9:03:49,1000,5.96,105,,2013/3/26 9:03:58,2013/3/26 0:00:00,,,1,2013/3/27 9:42:19,
20121114018,20130326131226,2013/3/26 9:03:47,500,2.98,105,,2013/3/26 9:03:58,2013/3/26 0:00:00,,,1,2013/3/27 9:42:19,
20121114018,20130326131225,2013/3/26 9:03:47,200,1.192,105,,2013/3/26 9:03:59,2013/3/26 0:00:00,,,1,2013/3/27 9:42:19,
20121114018,20130326131222,2013/3/26 9:03:47,500,2.98,105,,2013/3/26 9:03:55,2013/3/26 0:00:00,,,1,2013/3/27 9:42:19,
20121114018,20130326131213,2013/3/26 8:59:28,2513.9,14.982844,105,,2013/3/26 8:59:36,2013/3/26 0:00:00,,,1,2013/3/27 9:42:19,
20121114018,20130326131181,2013/3/26 0:08:07,2000,11.92,105,,2013/3/26 0:08:14,2013/3/26 0:00:00,,,1,2013/3/27 9:42:19,
20121114018,20130326131881,2013/3/26 23:43:40,1000,5.96,103,,2013/3/26 23:43:41,2013/3/26 0:00:00,,,1,2013/3/27 9:42:32,
20121114018,20130326131880,2013/3/26 23:37:37,1000,5.96,103,,2013/3/26 23:37:38,2013/3/26 0:00:00,,,1,2013/3/27 9:42:32,
20121114018,20130326131877,2013/3/26 23:23:37,1000,5.96,103,,2013/3/26 23:23:38,2013/3/26 0:00:00,,,1,2013/3/27 9:42:32,
20121114018,20130326131876,2013/3/26 23:23:36,500,2.98,103,,2013/3/26 23:23:37,2013/3/26 0:00:00,,,1,2013/3/27 9:42:32,
20121114018,20130326131874,2013/3/26 23:08:14,2000,11.92,103,,2013/3/26 23:08:15,2013/3/26 0:00:00,,,1,2013/3/27 9:42:32,
20121114018,20130326131873,2013/3/26 22:55:29,2000,11.92,103,,2013/3/26 22:55:30,2013/3/26 0:00:00,,,1,2013/3/27 9:42:32,
20121114018,20130326131870,2013/3/26 22:48:55,2000,11.92,103,,2013/3/26 22:48:57,2013/3/26 0:00:00,,,1,2013/3/27 9:42:32,
20121114018,20130326131864,2013/3/26 22:33:09,1000,5.96,103,,2013/3/26 22:33:10,2013/3/26 0:00:00,,,1,2013/3/27 9:42:32,
20121114018,20130326131863,2013/3/26 22:31:43,1000,5.96,103,,2013/3/26 22:31:44,2013/3/26 0:00:00,,,1,2013/3/27 9:42:32,
20121114018,20130326131861,2013/3/26 22:28:40,1000,5.96,103,,2013/3/26 22:28:41,2013/3/26 0:00:00,,,1,2013/3/27 9:42:32,
20121114018,20130326131860,2013/3/26 22:27:49,1000,5.96,103,,2013/3/26 22:27:50,2013/3/26 0:00:00,,,1,2013/3/27 9:42:32,
20121114018,20130326131859,2013/3/26 22:26:42,200,1.192,103,,2013/3/26 22:26:43,2013/3/26 0:00:00,,,1,2013/3/27 9:42:32,
20121114018,20130326131857,2013/3/26 22:25:02,100,0.596,103,,2013/3/26 22:25:04,2013/3/26 0:00:00,,,1,2013/3/27 9:42:32,
20121114018,20130326131842,2013/3/26 21:25:25,2000,11.92,103,,2013/3/26 21:25:26,2013/3/26 0:00:00,,,1,2013/3/27 9:42:32,
20121114018,20130326131802,2013/3/26 19:48:46,1000,5.96,103,,2013/3/26 19:48:47,2013/3/26 0:00:00,,,1,2013/3/27 9:42:32,
20121114018,20130326131784,2013/3/26 18:25:21,100,0.596,103,,2013/3/26 18:25:22,2013/3/26 0:00:00,,,1,2013/3/27 9:42:32,
20121114018,20130326131770,2013/3/26 17:32:28,2000,11.92,103,,2013/3/26 17:32:29,2013/3/26 0:00:00,,,1,2013/3/27 9:42:32,
20121114018,20130326131767,2013/3/26 17:27:56,4720,28.1312,103,,2013/3/26 17:27:58,2013/3/26 0:00:00,,,1,2013/3/27 9:42:32,
20121114018,20130326131757,2013/3/26 16:40:35,2000,11.92,103,,2013/3/26 16:40:36,2013/3/26 0:00:00,,,1,2013/3/27 9:42:32,
20121114018,20130326131750,2013/3/26 16:06:09,2000,11.92,103,,2013/3/26 16:06:11,2013/3/26 0:00:00,,,1,2013/3/27 9:42:32,
20121114018,20130326131742,2013/3/26 15:36:30,200,1.192,103,,2013/3/26 15:36:31,2013/3/26 0:00:00,,,1,2013/3/27 9:42:32,
20121114018,20130326131729,2013/3/26 15:00:52,4000,23.84,103,,2013/3/26 15:00:53,2013/3/26 0:00:00,,,1,2013/3/27 9:42:32,
20121114018,20130326131724,2013/3/26 14:59:04,2000,11.92,103,,2013/3/26 14:59:05,2013/3/26 0:00:00,,,1,2013/3/27 9:42:32,
20121114018,20130326131720,2013/3/26 14:57:02,3000,17.88,103,,2013/3/26 14:57:04,2013/3/26 0:00:00,,,1,2013/3/27 9:42:32,
20121114018,20130326131710,2013/3/26 14:53:18,1000,5.96,103,,2013/3/26 14:53:19,2013/3/26 0:00:00,,,1,2013/3/27 9:42:32,
20121114018,20130326131687,2013/3/26 14:48:20,1000,5.96,103,,2013/3/26 14:48:22,2013/3/26 0:00:00,,,1,2013/3/27 9:42:32,
20121114018,20130326131648,2013/3/26 14:42:15,1000,5.96,103,,2013/3/26 14:42:16,2013/3/26 0:00:00,,,1,2013/3/27 9:42:32,
20121114018,20130326131639,2013/3/26 14:40:46,1000,5.96,103,,2013/3/26 14:40:48,2013/3/26 0:00:00,,,1,2013/3/27 9:42:32,
20121114018,20130326131619,2013/3/26 14:35:14,1000,5.96,103,,2013/3/26 14:35:16,2013/3/26 0:00:00,,,1,2013/3/27 9:42:32,
20121114018,20130326131603,2013/3/26 14:23:36,1000,5.96,103,,2013/3/26 14:23:38,2013/3/26 0:00:00,,,1,2013/3/27 9:42:32,
20121114018,20130326131583,2013/3/26 14:12:14,1000,5.96,103,,2013/3/26 14:12:15,2013/3/26 0:00:00,,,1,2013/3/27 9:42:32,
20121114018,20130326131577,2013/3/26 14:09:09,2000,11.92,103,,2013/3/26 14:09:11,2013/3/26 0:00:00,,,1,2013/3/27 9:42:32,
20121114018,20130326131570,2013/3/26 14:02:02,0.01,0.0000596,103,,2013/3/26 14:02:03,2013/3/26 0:00:00,,,1,2013/3/27 9:42:32,
20121114018,20130326131551,2013/3/26 13:48:06,2000,11.92,103,,2013/3/26 13:48:08,2013/3/26 0:00:00,,,1,2013/3/27 9:42:32,
20121114018,20130326131542,2013/3/26 13:35:58,500,2.98,103,,2013/3/26 13:36:00,2013/3/26 0:00:00,,,1,2013/3/27 9:42:32,
20121114018,20130326131541,2013/3/26 13:34:31,1000,5.96,103,,2013/3/26 13:34:33,2013/3/26 0:00:00,,,1,2013/3/27 9:42:32,
20121114018,20130326131516,2013/3/26 13:10:19,1300,7.748,103,,2013/3/26 13:10:20,2013/3/26 0:00:00,,,1,2013/3/27 9:42:32,
20121114018,20130326131508,2013/3/26 12:55:19,100,0.596,103,,2013/3/26 12:55:20,2013/3/26 0:00:00,,,1,2013/3/27 9:42:32,
20121114018,20130326131506,2013/3/26 12:53:48,3000,17.88,103,,2013/3/26 12:53:50,2013/3/26 0:00:00,,,1,2013/3/27 9:42:32,
20121114018,20130326131503,2013/3/26 12:47:31,1000,5.96,103,,2013/3/26 12:47:33,2013/3/26 0:00:00,,,1,2013/3/27 9:42:32,
20121114018,20130326131502,2013/3/26 12:44:25,2000,11.92,103,,2013/3/26 12:44:26,2013/3/26 0:00:00,,,1,2013/3/27 9:42:32,
20121114018,20130326131501,2013/3/26 12:43:33,1000,5.96,103,,2013/3/26 12:43:34,2013/3/26 0:00:00,,,1,2013/3/27 9:42:32,
20121114018,20130326131499,2013/3/26 12:40:46,1000,5.96,103,,2013/3/26 12:40:47,2013/3/26 0:00:00,,,1,2013/3/27 9:42:32,
20121114018,20130326131495,2013/3/26 12:33:57,2000,11.92,103,,2013/3/26 12:33:58,2013/3/26 0:00:00,,,1,2013/3/27 9:42:32,
20121114018,20130326131493,2013/3/26 12:32:15,200,1.192,103,,2013/3/26 12:32:16,2013/3/26 0:00:00,,,1,2013/3/27 9:42:32,
20121114018,20130326131492,2013/3/26 12:29:50,100,0.596,103,,2013/3/26 12:29:51,2013/3/26 0:00:00,,,1,2013/3/27 9:42:32,
20121114018,20130326131491,2013/3/26 12:23:32,500,2.98,103,,2013/3/26 12:23:34,2013/3/26 0:00:00,,,1,2013/3/27 9:42:32,
20121114018,20130326131487,2013/3/26 12:19:48,2000,11.92,103,,2013/3/26 12:19:50,2013/3/26 0:00:00,,,1,2013/3/27 9:42:32,
20121114018,20130326131480,2013/3/26 12:02:31,200,1.192,103,,2013/3/26 12:02:33,2013/3/26 0:00:00,,,1,2013/3/27 9:42:32,
20121114018,20130326131466,2013/3/26 11:40:39,300,1.788,103,,2013/3/26 11:40:40,2013/3/26 0:00:00,,,1,2013/3/27 9:42:32,
20121114018,20130326131463,2013/3/26 11:31:38,200,1.192,103,,2013/3/26 11:31:40,2013/3/26 0:00:00,,,1,2013/3/27 9:42:32,
20121114018,20130326131458,2013/3/26 11:29:31,20000,119.2,103,,2013/3/26 11:29:33,2013/3/26 0:00:00,,,1,2013/3/27 9:42:32,
20121114018,20130326131454,2013/3/26 11:26:51,200,1.192,103,,2013/3/26 11:26:53,2013/3/26 0:00:00,,,1,2013/3/27 9:42:32,
20121114018,20130326131452,2013/3/26 11:24:31,2000,11.92,103,,2013/3/26 11:24:33,2013/3/26 0:00:00,,,1,2013/3/27 9:42:32,
20121114018,20130326131430,2013/3/26 11:03:42,1000,5.96,103,,2013/3/26 11:03:44,2013/3/26 0:00:00,,,1,2013/3/27 9:42:32,
20121114018,20130326131426,2013/3/26 10:55:05,1000,5.96,103,,2013/3/26 10:55:07,2013/3/26 0:00:00,,,1,2013/3/27 9:42:32,
20121114018,20130326131414,2013/3/26 10:40:59,500,2.98,103,,2013/3/26 10:41:01,2013/3/26 0:00:00,,,1,2013/3/27 9:42:32,
20121114018,20130326131413,2013/3/26 10:40:39,15000,89.4,103,,2013/3/26 10:40:41,2013/3/26 0:00:00,,,1,2013/3/27 9:42:32,
20121114018,20130326131399,2013/3/26 10:28:14,1000,5.96,103,,2013/3/26 10:28:16,2013/3/26 0:00:00,,,1,2013/3/27 9:42:32,
20121114018,20130326131397,2013/3/26 10:26:00,200,1.192,103,,2013/3/26 10:26:02,2013/3/26 0:00:00,,,1,2013/3/27 9:42:32,
20121114018,20130326131396,2013/3/26 10:24:10,200,1.192,103,,2013/3/26 10:24:12,2013/3/26 0:00:00,,,1,2013/3/27 9:42:32,
20121114018,20130326131387,2013/3/26 10:12:19,1000,5.96,103,,2013/3/26 10:12:20,2013/3/26 0:00:00,,,1,2013/3/27 9:42:32,
20121114018,20130326131384,2013/3/26 9:58:39,1980,11.8008,103,,2013/3/26 9:58:41,2013/3/26 0:00:00,,,1,2013/3/27 9:42:32,
20121114018,20130326131383,2013/3/26 9:51:14,1000,5.96,103,,2013/3/26 9:51:16,2013/3/26 0:00:00,,,1,2013/3/27 9:42:32,
20121114018,20130326131378,2013/3/26 9:50:13,125,0.745,103,,2013/3/26 9:50:14,2013/3/26 0:00:00,,,1,2013/3/27 9:42:32,
20121114018,20130326131372,2013/3/26 9:49:20,150,0.894,103,,2013/3/26 9:49:22,2013/3/26 0:00:00,,,1,2013/3/27 9:42:32,
20121114018,20130326131367,2013/3/26 9:48:43,100,0.596,103,,2013/3/26 9:48:45,2013/3/26 0:00:00,,,1,2013/3/27 9:42:32,
20121114018,20130326131365,2013/3/26 9:48:33,100,0.596,103,,2013/3/26 9:48:35,2013/3/26 0:00:00,,,1,2013/3/27 9:42:32,
20121114018,20130326131363,2013/3/26 9:48:22,250,1.49,103,,2013/3/26 9:48:24,2013/3/26 0:00:00,,,1,2013/3/27 9:42:32,
20121114018,20130326131362,2013/3/26 9:48:09,150,0.894,103,,2013/3/26 9:48:11,2013/3/26 0:00:00,,,1,2013/3/27 9:42:32,
20121114018,20130326131359,2013/3/26 9:47:48,250,1.49,103,,2013/3/26 9:47:50,2013/3/26 0:00:00,,,1,2013/3/27 9:42:32,
20121114018,20130326131357,2013/3/26 9:47:42,600,3.576,103,,2013/3/26 9:47:44,2013/3/26 0:00:00,,,1,2013/3/27 9:42:32,
20121114018,20130326131354,2013/3/26 9:46:29,200,1.192,103,,2013/3/26 9:46:31,2013/3/26 0:00:00,,,1,2013/3/27 9:42:32,
20121114018,20130326131341,2013/3/26 9:43:54,100,0.596,103,,2013/3/26 9:43:55,2013/3/26 0:00:00,,,1,2013/3/27 9:42:32,
20121114018,20130326131338,2013/3/26 9:43:49,200,1.192,103,,2013/3/26 9:43:51,2013/3/26 0:00:00,,,1,2013/3/27 9:42:32,
20121114018,20130326131330,2013/3/26 9:42:49,300,1.788,103,,2013/3/26 9:42:50,2013/3/26 0:00:00,,,1,2013/3/27 9:42:32,
20121114018,20130326131329,2013/3/26 9:42:45,100,0.596,103,,2013/3/26 9:42:47,2013/3/26 0:00:00,,,1,2013/3/27 9:42:32,
20121114018,20130326131328,2013/3/26 9:42:42,500,2.98,103,,2013/3/26 9:42:44,2013/3/26 0:00:00,,,1,2013/3/27 9:42:32,
20121114018,20130326131316,2013/3/26 9:39:41,250,1.49,103,,2013/3/26 9:39:44,2013/3/26 0:00:00,,,1,2013/3/27 9:42:32,
20121114018,20130326131311,2013/3/26 9:34:57,125,0.745,103,,2013/3/26 9:34:59,2013/3/26 0:00:00,,,1,2013/3/27 9:42:32,
20121114018,20130326131307,2013/3/26 9:33:46,300,1.788,103,,2013/3/26 9:33:48,2013/3/26 0:00:00,,,1,2013/3/27 9:42:32,
20121114018,20130326131301,2013/3/26 9:32:13,200,1.192,103,,2013/3/26 9:32:14,2013/3/26 0:00:00,,,1,2013/3/27 9:42:32,
20121114018,20130326131287,2013/3/26 9:27:40,500,2.98,103,,2013/3/26 9:27:41,2013/3/26 0:00:00,,,1,2013/3/27 9:42:32,
20121114018,20130326131286,2013/3/26 9:26:37,1000,5.96,103,,2013/3/26 9:26:38,2013/3/26 0:00:00,,,1,2013/3/27 9:42:32,
20121114018,20130326131279,2013/3/26 9:22:43,600,3.576,103,,2013/3/26 9:22:44,2013/3/26 0:00:00,,,1,2013/3/27 9:42:32,
20121114018,20130326131276,2013/3/26 9:22:35,100,0.596,103,,2013/3/26 9:22:37,2013/3/26 0:00:00,,,1,2013/3/27 9:42:32,
20121114018,20130326131271,2013/3/26 9:21:01,200,1.192,103,,2013/3/26 9:21:02,2013/3/26 0:00:00,,,1,2013/3/27 9:42:32,
20121114018,20130326131256,2013/3/26 9:13:46,100,0.596,103,,2013/3/26 9:13:48,2013/3/26 0:00:00,,,1,2013/3/27 9:42:32,
20121114018,20130326131239,2013/3/26 9:12:53,500,2.98,103,,2013/3/26 9:12:54,2013/3/26 0:00:00,,,1,2013/3/27 9:42:32,
20121114018,20130326131238,2013/3/26 9:12:52,100,0.596,103,,2013/3/26 9:12:54,2013/3/26 0:00:00,,,1,2013/3/27 9:42:32,
20121114018,20130326131207,2013/3/26 8:49:53,2000,11.92,103,,2013/3/26 8:49:54,2013/3/26 0:00:00,,,1,2013/3/27 9:42:32,
20121114018,20130326131184,2013/3/26 0:36:14,4000,23.84,103,,2013/3/26 0:36:15,2013/3/26 0:00:00,,,1,2013/3/27 9:42:32,
20121114018,20130326131182,2013/3/26 0:09:44,1000,5.96,103,,2013/3/26 0:09:45,2013/3/26 0:00:00,,,1,2013/3/27 9:42:32,
20121114018,20130326131878,2013/3/26 23:28:45,4000,23.84,303,,2013/3/26 23:28:46,2013/3/26 0:00:00,,,1,2013/3/27 3:39:02,
20121114018,20130326131875,2013/3/26 23:20:35,1000,5.96,303,,2013/3/26 23:20:36,2013/3/26 0:00:00,,,1,2013/3/27 3:39:02,
20121114018,20130326131841,2013/3/26 21:22:46,1000,5.96,303,,2013/3/26 21:22:46,2013/3/26 0:00:00,,,1,2013/3/27 3:39:02,
20121114018,20130326131828,2013/3/26 20:29:09,261,1.55556,303,,2013/3/26 20:29:10,2013/3/26 0:00:00,,,1,2013/3/27 3:39:02,
20121114018,20130326131812,2013/3/26 20:05:41,300,1.788,303,,2013/3/26 20:05:42,2013/3/26 0:00:00,,,1,2013/3/27 3:39:02,
20121114018,20130326131782,2013/3/26 18:19:50,100,0.596,303,,2013/3/26 18:19:50,2013/3/26 0:00:00,,,1,2013/3/27 3:39:02,
20121114018,20130326131763,2013/3/26 17:16:59,1000,5.96,303,,2013/3/26 17:17:00,2013/3/26 0:00:00,,,1,2013/3/27 3:39:02,
20121114018,20130326131725,2013/3/26 14:59:21,1000,5.96,303,,2013/3/26 14:59:21,2013/3/26 0:00:00,,,1,2013/3/27 3:39:02,
20121114018,20130326131721,2013/3/26 14:57:10,50000,298,303,,2013/3/26 14:57:11,2013/3/26 0:00:00,,,1,2013/3/27 3:39:02,
20121114018,20130326131714,2013/3/26 14:54:17,1000,5.96,303,,2013/3/26 14:54:19,2013/3/26 0:00:00,,,1,2013/3/27 3:39:02,
20121114018,20130326131688,2013/3/26 14:48:27,16587.66,98.8624536,303,,2013/3/26 14:48:28,2013/3/26 0:00:00,,,1,2013/3/27 3:39:02,
20121114018,20130326131668,2013/3/26 14:45:18,1000,5.96,303,,2013/3/26 14:45:19,2013/3/26 0:00:00,,,1,2013/3/27 3:39:02,
20121114018,20130326131664,2013/3/26 14:44:53,3030,18.0588,303,,2013/3/26 14:44:54,2013/3/26 0:00:00,,,1,2013/3/27 3:39:02,
20121114018,20130326131663,2013/3/26 14:44:27,1000,5.96,303,,2013/3/26 14:44:28,2013/3/26 0:00:00,,,1,2013/3/27 3:39:02,
20121114018,20130326131655,2013/3/26 14:43:51,2000,11.92,303,,2013/3/26 14:43:52,2013/3/26 0:00:00,,,1,2013/3/27 3:39:02,
20121114018,20130326131653,2013/3/26 14:42:57,1000,5.96,303,,2013/3/26 14:42:58,2013/3/26 0:00:00,,,1,2013/3/27 3:39:02,
20121114018,20130326131649,2013/3/26 14:42:21,1000,5.96,303,,2013/3/26 14:42:21,2013/3/26 0:00:00,,,1,2013/3/27 3:39:02,
20121114018,20130326131645,2013/3/26 14:41:52,1000,5.96,303,,2013/3/26 14:41:52,2013/3/26 0:00:00,,,1,2013/3/27 3:39:02,
20121114018,20130326131642,2013/3/26 14:41:17,20000,119.2,303,,2013/3/26 14:41:18,2013/3/26 0:00:00,,,1,2013/3/27 3:39:02,
20121114018,20130326131641,2013/3/26 14:41:12,1000,5.96,303,,2013/3/26 14:41:12,2013/3/26 0:00:00,,,1,2013/3/27 3:39:02,
20121114018,20130326131638,2013/3/26 14:40:45,1000,5.96,303,,2013/3/26 14:40:46,2013/3/26 0:00:00,,,1,2013/3/27 3:39:02,
20121114018,20130326131627,2013/3/26 14:38:45,1000,5.96,303,,2013/3/26 14:38:46,2013/3/26 0:00:00,,,1,2013/3/27 3:39:02,
20121114018,20130326131590,2013/3/26 14:17:25,1300,7.748,303,,2013/3/26 14:17:26,2013/3/26 0:00:00,,,1,2013/3/27 3:39:02,
20121114018,20130326131585,2013/3/26 14:13:22,1000,5.96,303,,2013/3/26 14:13:23,2013/3/26 0:00:00,,,1,2013/3/27 3:39:02,
20121114018,20130326131580,2013/3/26 14:11:15,2000,11.92,303,,2013/3/26 14:11:17,2013/3/26 0:00:00,,,1,2013/3/27 3:39:02,
20121114018,20130326131557,2013/3/26 13:52:03,1000,5.96,303,,2013/3/26 13:52:04,2013/3/26 0:00:00,,,1,2013/3/27 3:39:02,
20121114018,20130326131548,2013/3/26 13:44:04,4000,23.84,303,,2013/3/26 13:44:05,2013/3/26 0:00:00,,,1,2013/3/27 3:39:02,
20121114018,20130326131537,2013/3/26 13:26:38,4000,23.84,303,,2013/3/26 13:26:39,2013/3/26 0:00:00,,,1,2013/3/27 3:39:02,
20121114018,20130326131533,2013/3/26 13:25:45,3000,17.88,303,,2013/3/26 13:25:45,2013/3/26 0:00:00,,,1,2013/3/27 3:39:02,
20121114018,20130326131532,2013/3/26 13:24:44,4000,23.84,303,,2013/3/26 13:24:44,2013/3/26 0:00:00,,,1,2013/3/27 3:39:02,
20121114018,20130326131522,2013/3/26 13:14:36,1064.74,6.3458504,303,,2013/3/26 13:14:37,2013/3/26 0:00:00,,,1,2013/3/27 3:39:02,
20121114018,20130326131505,2013/3/26 12:52:37,2000,11.92,303,,2013/3/26 12:52:38,2013/3/26 0:00:00,,,1,2013/3/27 3:39:02,
20121114018,20130326131484,2013/3/26 12:14:36,5000,29.8,303,,2013/3/26 12:14:37,2013/3/26 0:00:00,,,1,2013/3/27 3:39:02,
20121114018,20130326131402,2013/3/26 10:31:08,8000,47.68,303,,2013/3/26 10:31:08,2013/3/26 0:00:00,,,1,2013/3/27 3:39:02,
20121114018,20130326131401,2013/3/26 10:29:54,4520,26.9392,303,,2013/3/26 10:29:55,2013/3/26 0:00:00,,,1,2013/3/27 3:39:02,
20121114018,20130326131394,2013/3/26 10:22:31,2000,11.92,303,,2013/3/26 10:22:31,2013/3/26 0:00:00,,,1,2013/3/27 3:39:02,
20121114018,20130326131393,2013/3/26 10:20:46,2000,11.92,303,,2013/3/26 10:20:47,2013/3/26 0:00:00,,,1,2013/3/27 3:39:02,
20121114018,20130326131358,2013/3/26 9:47:46,100,0.596,303,,2013/3/26 9:47:47,2013/3/26 0:00:00,,,1,2013/3/27 3:39:02,
20121114018,20130326131344,2013/3/26 9:44:29,300,1.788,303,,2013/3/26 9:44:30,2013/3/26 0:00:00,,,1,2013/3/27 3:39:02,
20121114018,20130326131321,2013/3/26 9:41:16,8000,47.68,303,,2013/3/26 9:41:17,2013/3/26 0:00:00,,,1,2013/3/27 3:39:02,
20121114018,20130326131318,2013/3/26 9:40:08,500,2.98,303,,2013/3/26 9:40:08,2013/3/26 0:00:00,,,1,2013/3/27 3:39:02,
20121114018,20130326131303,2013/3/26 9:33:21,150,0.894,303,,2013/3/26 9:33:22,2013/3/26 0:00:00,,,1,2013/3/27 3:39:02,
20121114018,20130326131298,2013/3/26 9:30:32,500,2.98,303,,2013/3/26 9:30:33,2013/3/26 0:00:00,,,1,2013/3/27 3:39:02,
20121114018,20130326131283,2013/3/26 9:26:10,200,1.192,303,,2013/3/26 9:26:11,2013/3/26 0:00:00,,,1,2013/3/27 3:39:02,
20121114018,20130326131282,2013/3/26 9:24:35,1000,5.96,303,,2013/3/26 9:24:36,2013/3/26 0:00:00,,,1,2013/3/27 3:39:02,
20121114018,20130326131269,2013/3/26 9:20:16,1000,5.96,303,,2013/3/26 9:20:17,2013/3/26 0:00:00,,,1,2013/3/27 3:39:02,
20121114018,20130326131235,2013/3/26 9:11:48,100,0.596,303,,2013/3/26 9:11:49,2013/3/26 0:00:00,,,1,2013/3/27 3:39:02,
20121114018,20130326131229,2013/3/26 9:05:06,500,2.98,303,,2013/3/26 9:05:07,2013/3/26 0:00:00,,,1,2013/3/27 3:39:02,
20121114018,20130326131180,2013/3/26 0:07:12,30000,178.8,303,,2013/3/26 0:07:12,2013/3/26 0:00:00,,,1,2013/3/27 3:39:02,
20121114018,20130326131179,2013/3/26 0:04:52,20000,119.2,303,,2013/3/26 0:04:53,2013/3/26 0:00:00,,,1,2013/3/27 3:39:02,
20121114018,20130326131872,2013/3/26 22:54:59,100,0.596,900001,,2013/3/26 22:54:59,2013/3/26 0:00:00,,,1,2013/3/27 9:42:25,
20121114018,20130326131871,2013/3/26 22:52:23,1500,8.94,900001,,2013/3/26 22:52:23,2013/3/26 0:00:00,,,1,2013/3/27 9:42:25,
20121114018,20130326131869,2013/3/26 22:44:23,1600,9.536,900001,,2013/3/26 22:44:23,2013/3/26 0:00:00,,,1,2013/3/27 9:42:25,
20121114018,20130326131866,2013/3/26 22:41:18,2000,11.92,900001,,2013/3/26 22:41:18,2013/3/26 0:00:00,,,1,2013/3/27 9:42:25,
20121114018,20130326131858,2013/3/26 22:25:16,4000,23.84,900001,,2013/3/26 22:25:16,2013/3/26 0:00:00,,,1,2013/3/27 9:42:25,
20121114018,20130326131851,2013/3/26 22:02:33,1500,8.94,900001,,2013/3/26 22:02:33,2013/3/26 0:00:00,,,1,2013/3/27 9:42:25,
20121114018,20130326131848,2013/3/26 21:51:28,1000,5.96,900001,,2013/3/26 21:51:41,2013/3/26 0:00:00,,,1,2013/3/27 9:42:50,
20121114018,20130326131847,2013/3/26 21:43:07,1000,5.96,900001,,2013/3/26 21:43:07,2013/3/26 0:00:00,,,1,2013/3/27 9:42:36,
20121114018,20130326131844,2013/3/26 21:30:35,1000,5.96,900001,,2013/3/26 21:30:35,2013/3/26 0:00:00,,,1,2013/3/27 9:42:25,
20121114018,20130326131843,2013/3/26 21:27:25,5000,29.8,900001,,2013/3/26 21:27:25,2013/3/26 0:00:00,,,1,2013/3/27 9:42:25,
20121114018,20130326131840,2013/3/26 21:22:09,900,5.364,900001,,2013/3/26 21:22:09,2013/3/26 0:00:00,,,1,2013/3/27 9:42:25,
20121114018,20130326131837,2013/3/26 21:09:24,2000,11.92,900001,,2013/3/26 21:09:24,2013/3/26 0:00:00,,,1,2013/3/27 9:42:25,
20121114018,20130326131836,2013/3/26 21:02:50,1500,8.94,900001,,2013/3/26 21:02:50,2013/3/26 0:00:00,,,1,2013/3/27 9:42:36,
20121114018,20130326131835,2013/3/26 20:46:46,1000,5.96,900001,,2013/3/26 20:46:46,2013/3/26 0:00:00,,,1,2013/3/27 9:42:25,
20121114018,20130326131826,2013/3/26 20:25:33,300,1.788,900001,,2013/3/26 20:25:33,2013/3/26 0:00:00,,,1,2013/3/27 9:42:25,
20121114018,20130326131825,2013/3/26 20:25:06,1000,5.96,900001,,2013/3/26 20:25:06,2013/3/26 0:00:00,,,1,2013/3/27 9:42:25,
20121114018,20130326131809,2013/3/26 20:01:34,100,0.596,900001,,2013/3/26 20:01:34,2013/3/26 0:00:00,,,1,2013/3/27 9:42:36,
20121114018,20130326131808,2013/3/26 20:00:20,1000,5.96,900001,,2013/3/26 20:00:33,2013/3/26 0:00:00,,,1,2013/3/27 9:42:50,
20121114018,20130326131803,2013/3/26 19:50:40,1000,5.96,900001,,2013/3/26 19:50:40,2013/3/26 0:00:00,,,1,2013/3/27 9:42:25,
20121114018,20130326131801,2013/3/26 19:45:01,100,0.596,900001,,2013/3/26 19:45:01,2013/3/26 0:00:00,,,1,2013/3/27 9:42:36,
20121114018,20130326131800,2013/3/26 19:39:41,1000,5.96,900001,,2013/3/26 19:39:54,2013/3/26 0:00:00,,,1,2013/3/27 9:42:50,
20121114018,20130326131799,2013/3/26 19:23:19,2000,11.92,900001,,2013/3/26 19:23:19,2013/3/26 0:00:00,,,1,2013/3/27 9:42:25,
20121114018,20130326131792,2013/3/26 19:05:31,100,0.596,900001,,2013/3/26 19:05:31,2013/3/26 0:00:00,,,1,2013/3/27 9:42:36,
20121114018,20130326131791,2013/3/26 19:03:43,1000,5.96,900001,,2013/3/26 19:03:43,2013/3/26 0:00:00,,,1,2013/3/27 9:42:25,
20121114018,20130326131790,2013/3/26 19:01:02,1000,5.96,900001,,2013/3/26 19:01:02,2013/3/26 0:00:00,,,1,2013/3/27 9:42:36,
20121114018,20130326131789,2013/3/26 18:56:55,150,0.894,900001,,2013/3/26 18:56:55,2013/3/26 0:00:00,,,1,2013/3/27 9:42:25,
20121114018,20130326131788,2013/3/26 18:53:36,2000,11.92,900001,,2013/3/26 18:53:36,2013/3/26 0:00:00,,,1,2013/3/27 9:42:36,
20121114018,20130326131778,2013/3/26 17:53:17,400,2.384,900001,,2013/3/26 17:53:17,2013/3/26 0:00:00,,,1,2013/3/27 9:42:44,
20121114018,20130326131776,2013/3/26 17:50:08,1000,5.96,900001,,2013/3/26 17:50:08,2013/3/26 0:00:00,,,1,2013/3/27 9:42:25,
20121114018,20130326131775,2013/3/26 17:41:07,1000,5.96,900001,,2013/3/26 17:41:20,2013/3/26 0:00:00,,,1,2013/3/27 9:42:50,
20121114018,20130326131761,2013/3/26 17:03:12,1000,5.96,900001,,2013/3/26 17:03:12,2013/3/26 0:00:00,,,1,2013/3/27 9:42:25,
20121114018,20130326131758,2013/3/26 16:43:04,1000,5.96,900001,,2013/3/26 16:43:04,2013/3/26 0:00:00,,,1,2013/3/27 9:42:25,
20121114018,20130326131756,2013/3/26 16:38:06,1000,5.96,900001,,2013/3/26 16:38:06,2013/3/26 0:00:00,,,1,2013/3/27 9:42:25,
20121114018,20130326131745,2013/3/26 15:54:10,100,0.596,900001,,2013/3/26 15:54:10,2013/3/26 0:00:00,,,1,2013/3/27 9:42:25,
20121114018,20130326131743,2013/3/26 15:40:38,2000,11.92,900001,,2013/3/26 15:40:38,2013/3/26 0:00:00,,,1,2013/3/27 9:42:25,
20121114018,20130326131739,2013/3/26 15:25:02,100,0.596,900001,,2013/3/26 15:25:02,2013/3/26 0:00:00,,,1,2013/3/27 9:42:25,
20121114018,20130326131738,2013/3/26 15:22:11,1000,5.96,900001,,2013/3/26 15:22:11,2013/3/26 0:00:00,,,1,2013/3/27 9:42:44,
20121114018,20130326131737,2013/3/26 15:16:30,1000,5.96,900001,,2013/3/26 15:16:30,2013/3/26 0:00:00,,,1,2013/3/27 9:42:36,
20121114018,20130326131727,2013/3/26 14:59:25,500,2.98,900001,,2013/3/26 14:59:25,2013/3/26 0:00:00,,,1,2013/3/27 9:42:44,
20121114018,20130326131722,2013/3/26 14:57:14,3200,19.072,900001,,2013/3/26 14:57:14,2013/3/26 0:00:00,,,1,2013/3/27 9:42:25,
20121114018,20130326131719,2013/3/26 14:56:45,1000,5.96,900001,,2013/3/26 14:56:45,2013/3/26 0:00:00,,,1,2013/3/27 9:42:25,
20121114018,20130326131718,2013/3/26 14:55:54,1600,9.536,900001,,2013/3/26 14:55:54,2013/3/26 0:00:00,,,1,2013/3/27 9:42:25,
20121114018,20130326131717,2013/3/26 14:55:14,10000,59.6,900001,,2013/3/26 14:55:14,2013/3/26 0:00:00,,,1,2013/3/27 9:42:25,
20121114018,20130326131716,2013/3/26 14:55:08,100,0.596,900001,,2013/3/26 14:55:08,2013/3/26 0:00:00,,,1,2013/3/27 9:42:25,
20121114018,20130326131715,2013/3/26 14:54:41,1055,6.2878,900001,,2013/3/26 14:54:41,2013/3/26 0:00:00,,,1,2013/3/27 9:42:25,
20121114018,20130326131712,2013/3/26 14:53:54,500,2.98,900001,,2013/3/26 14:53:54,2013/3/26 0:00:00,,,1,2013/3/27 9:42:25,
20121114018,20130326131711,2013/3/26 14:53:36,2000,11.92,900001,,2013/3/26 14:53:36,2013/3/26 0:00:00,,,1,2013/3/27 9:42:25,
20121114018,20130326131708,2013/3/26 14:52:33,1000,5.96,900001,,2013/3/26 14:52:33,2013/3/26 0:00:00,,,1,2013/3/27 9:42:25,
20121114018,20130326131707,2013/3/26 14:52:24,1000,5.96,900001,,2013/3/26 14:52:24,2013/3/26 0:00:00,,,1,2013/3/27 9:42:25,
20121114018,20130326131706,2013/3/26 14:52:03,1000,5.96,900001,,2013/3/26 14:52:03,2013/3/26 0:00:00,,,1,2013/3/27 9:42:25,
20121114018,20130326131705,2013/3/26 14:51:24,10000,59.6,900001,,2013/3/26 14:51:24,2013/3/26 0:00:00,,,1,2013/3/27 9:42:25,
20121114018,20130326131704,2013/3/26 14:51:21,1000,5.96,900001,,2013/3/26 14:51:21,2013/3/26 0:00:00,,,1,2013/3/27 9:42:25,
20121114018,20130326131702,2013/3/26 14:50:57,2000,11.92,900001,,2013/3/26 14:50:57,2013/3/26 0:00:00,,,1,2013/3/27 9:42:25,
20121114018,20130326131699,2013/3/26 14:50:10,1000,5.96,900001,,2013/3/26 14:50:10,2013/3/26 0:00:00,,,1,2013/3/27 9:42:25,
20121114018,20130326131697,2013/3/26 14:49:47,2000,11.92,900001,,2013/3/26 14:49:47,2013/3/26 0:00:00,,,1,2013/3/27 9:42:25,
20121114018,20130326131695,2013/3/26 14:49:15,1000,5.96,900001,,2013/3/26 14:49:15,2013/3/26 0:00:00,,,1,2013/3/27 9:42:25,
20121114018,20130326131694,2013/3/26 14:49:04,10000,59.6,900001,,2013/3/26 14:49:04,2013/3/26 0:00:00,,,1,2013/3/27 9:42:25,
20121114018,20130326131693,2013/3/26 14:49:03,100,0.596,900001,,2013/3/26 14:49:03,2013/3/26 0:00:00,,,1,2013/3/27 9:42:25,
20121114018,20130326131690,2013/3/26 14:49:00,1000,5.96,900001,,2013/3/26 14:49:00,2013/3/26 0:00:00,,,1,2013/3/27 9:42:25,
20121114018,20130326131689,2013/3/26 14:48:44,1000,5.96,900001,,2013/3/26 14:48:44,2013/3/26 0:00:00,,,1,2013/3/27 9:42:25,
20121114018,20130326131686,2013/3/26 14:48:13,1000,5.96,900001,,2013/3/26 14:48:13,2013/3/26 0:00:00,,,1,2013/3/27 9:42:25,
20121114018,20130326131685,2013/3/26 14:48:07,5000,29.8,900001,,2013/3/26 14:48:07,2013/3/26 0:00:00,,,1,2013/3/27 9:42:25,
20121114018,20130326131684,2013/3/26 14:48:07,1000,5.96,900001,,2013/3/26 14:48:07,2013/3/26 0:00:00,,,1,2013/3/27 9:42:25,
20121114018,20130326131683,2013/3/26 14:48:06,3000,17.88,900001,,2013/3/26 14:48:06,2013/3/26 0:00:00,,,1,2013/3/27 9:42:25,
20121114018,20130326131679,2013/3/26 14:47:44,1000,5.96,900001,,2013/3/26 14:47:44,2013/3/26 0:00:00,,,1,2013/3/27 9:42:25,
20121114018,20130326131677,2013/3/26 14:47:09,1000,5.96,900001,,2013/3/26 14:47:09,2013/3/26 0:00:00,,,1,2013/3/27 9:42:25,
20121114018,20130326131676,2013/3/26 14:46:46,100,0.596,900001,,2013/3/26 14:46:46,2013/3/26 0:00:00,,,1,2013/3/27 9:42:25,
20121114018,20130326131674,2013/3/26 14:46:27,1000,5.96,900001,,2013/3/26 14:46:27,2013/3/26 0:00:00,,,1,2013/3/27 9:42:25,
20121114018,20130326131673,2013/3/26 14:46:09,2000,11.92,900001,,2013/3/26 14:46:09,2013/3/26 0:00:00,,,1,2013/3/27 9:42:25,
20121114018,20130326131672,2013/3/26 14:46:05,3000,17.88,900001,,2013/3/26 14:46:05,2013/3/26 0:00:00,,,1,2013/3/27 9:42:25,
20121114018,20130326131671,2013/3/26 14:45:30,2000,11.92,900001,,2013/3/26 14:45:30,2013/3/26 0:00:00,,,1,2013/3/27 9:42:25,
20121114018,20130326131667,2013/3/26 14:45:13,1000,5.96,900001,,2013/3/26 14:45:13,2013/3/26 0:00:00,,,1,2013/3/27 9:42:25,
20121114018,20130326131666,2013/3/26 14:44:59,100,0.596,900001,,2013/3/26 14:44:59,2013/3/26 0:00:00,,,1,2013/3/27 9:42:25,
20121114018,20130326131662,2013/3/26 14:44:25,1000,5.96,900001,,2013/3/26 14:44:25,2013/3/26 0:00:00,,,1,2013/3/27 9:42:25,
20121114018,20130326131661,2013/3/26 14:44:23,2345,13.9762,900001,,2013/3/26 14:44:23,2013/3/26 0:00:00,,,1,2013/3/27 9:42:25,
20121114018,20130326131660,2013/3/26 14:44:16,1000,5.96,900001,,2013/3/26 14:44:16,2013/3/26 0:00:00,,,1,2013/3/27 9:42:44,
20121114018,20130326131659,2013/3/26 14:44:09,2000,11.92,900001,,2013/3/26 14:44:09,2013/3/26 0:00:00,,,1,2013/3/27 9:42:25,
20121114018,20130326131652,2013/3/26 14:42:52,4000,23.84,900001,,2013/3/26 14:42:52,2013/3/26 0:00:00,,,1,2013/3/27 9:42:25,
20121114018,20130326131650,2013/3/26 14:42:33,100,0.596,900001,,2013/3/26 14:42:33,2013/3/26 0:00:00,,,1,2013/3/27 9:42:25,
20121114018,20130326131643,2013/3/26 14:41:18,2000,11.92,900001,,2013/3/26 14:41:18,2013/3/26 0:00:00,,,1,2013/3/27 9:42:25,
20121114018,20130326131640,2013/3/26 14:41:03,2000,11.92,900001,,2013/3/26 14:41:03,2013/3/26 0:00:00,,,1,2013/3/27 9:42:25,
20121114018,20130326131635,2013/3/26 14:40:03,2000,11.92,900001,,2013/3/26 14:40:03,2013/3/26 0:00:00,,,1,2013/3/27 9:42:25,
20121114018,20130326131634,2013/3/26 14:39:48,2000,11.92,900001,,2013/3/26 14:39:48,2013/3/26 0:00:00,,,1,2013/3/27 9:42:25,
20121114018,20130326131631,2013/3/26 14:39:18,1000,5.96,900001,,2013/3/26 14:39:18,2013/3/26 0:00:00,,,1,2013/3/27 9:42:25,
20121114018,20130326131629,2013/3/26 14:39:10,2000,11.92,900001,,2013/3/26 14:39:10,2013/3/26 0:00:00,,,1,2013/3/27 9:42:25,
20121114018,20130326131624,2013/3/26 14:38:11,2000,11.92,900001,,2013/3/26 14:38:23,2013/3/26 0:00:00,,,1,2013/3/27 9:42:50,
20121114018,20130326131621,2013/3/26 14:36:34,2000,11.92,900001,,2013/3/26 14:36:34,2013/3/26 0:00:00,,,1,2013/3/27 9:42:25,
20121114018,20130326131620,2013/3/26 14:36:06,3000,17.88,900001,,2013/3/26 14:36:06,2013/3/26 0:00:00,,,1,2013/3/27 9:42:25,
20121114018,20130326131618,2013/3/26 14:34:37,1000,5.96,900001,,2013/3/26 14:34:37,2013/3/26 0:00:00,,,1,2013/3/27 9:42:25,
20121114018,20130326131616,2013/3/26 14:34:09,5000,29.8,900001,,2013/3/26 14:34:09,2013/3/26 0:00:00,,,1,2013/3/27 9:42:25,
20121114018,20130326131614,2013/3/26 14:33:57,1000,5.96,900001,,2013/3/26 14:34:10,2013/3/26 0:00:00,,,1,2013/3/27 9:42:50,
20121114018,20130326131613,2013/3/26 14:33:05,1000,5.96,900001,,2013/3/26 14:33:05,2013/3/26 0:00:00,,,1,2013/3/27 9:42:25,
20121114018,20130326131612,2013/3/26 14:32:54,2000,11.92,900001,,2013/3/26 14:32:54,2013/3/26 0:00:00,,,1,2013/3/27 9:42:25,
20121114018,20130326131611,2013/3/26 14:32:19,2000,11.92,900001,,2013/3/26 14:32:19,2013/3/26 0:00:00,,,1,2013/3/27 9:42:25,
20121114018,20130326131606,2013/3/26 14:24:47,1000,5.96,900001,,2013/3/26 14:24:47,2013/3/26 0:00:00,,,1,2013/3/27 9:42:25,
20121114018,20130326131604,2013/3/26 14:23:53,1000,5.96,900001,,2013/3/26 14:23:53,2013/3/26 0:00:00,,,1,2013/3/27 9:42:25,
20121114018,20130326131601,2013/3/26 14:22:39,2000,11.92,900001,,2013/3/26 14:22:39,2013/3/26 0:00:00,,,1,2013/3/27 9:42:25,
20121114018,20130326131596,2013/3/26 14:19:38,2000,11.92,900001,,2013/3/26 14:19:38,2013/3/26 0:00:00,,,1,2013/3/27 9:42:25,
20121114018,20130326131593,2013/3/26 14:18:35,2000,11.92,900001,,2013/3/26 14:18:35,2013/3/26 0:00:00,,,1,2013/3/27 9:42:25,
20121114018,20130326131592,2013/3/26 14:17:59,1000,5.96,900001,,2013/3/26 14:17:59,2013/3/26 0:00:00,,,1,2013/3/27 9:42:25,
20121114018,20130326131588,2013/3/26 14:17:14,3000,17.88,900001,,2013/3/26 14:17:14,2013/3/26 0:00:00,,,1,2013/3/27 9:42:25,
20121114018,20130326131586,2013/3/26 14:14:30,26000,154.96,900001,,2013/3/26 14:14:30,2013/3/26 0:00:00,,,1,2013/3/27 9:42:25,
20121114018,20130326131579,2013/3/26 14:10:19,1000,5.96,900001,,2013/3/26 14:10:19,2013/3/26 0:00:00,,,1,2013/3/27 9:42:36,
20121114018,20130326131578,2013/3/26 14:09:32,1000,5.96,900001,,2013/3/26 14:09:32,2013/3/26 0:00:00,,,1,2013/3/27 9:42:36,
20121114018,20130326131576,2013/3/26 14:07:52,40000,238.4,900001,,2013/3/26 14:07:52,2013/3/26 0:00:00,,,1,2013/3/27 9:42:25,
20121114018,20130326131573,2013/3/26 14:04:33,1000,5.96,900001,,2013/3/26 14:04:33,2013/3/26 0:00:00,,,1,2013/3/27 9:42:36,
20121114018,20130326131572,2013/3/26 14:04:18,1000,5.96,900001,,2013/3/26 14:04:18,2013/3/26 0:00:00,,,1,2013/3/27 9:42:25,
20121114018,20130326131569,2013/3/26 14:01:04,10000,59.6,900001,,2013/3/26 14:01:04,2013/3/26 0:00:00,,,1,2013/3/27 9:42:25,
20121114018,20130326131568,2013/3/26 14:00:18,1000,5.96,900001,,2013/3/26 14:00:31,2013/3/26 0:00:00,,,1,2013/3/27 9:42:50,
20121114018,20130326131567,2013/3/26 13:58:50,4000,23.84,900001,,2013/3/26 13:58:50,2013/3/26 0:00:00,,,1,2013/3/27 9:42:25,
20121114018,20130326131564,2013/3/26 13:57:52,1000,5.96,900001,,2013/3/26 13:57:52,2013/3/26 0:00:00,,,1,2013/3/27 9:42:25,
20121114018,20130326131563,2013/3/26 13:57:33,5000,29.8,900001,,2013/3/26 13:57:33,2013/3/26 0:00:00,,,1,2013/3/27 9:42:25,
20121114018,20130326131561,2013/3/26 13:56:38,1000,5.96,900001,,2013/3/26 13:56:38,2013/3/26 0:00:00,,,1,2013/3/27 9:42:36,
20121114018,20130326131559,2013/3/26 13:54:44,1000,5.96,900001,,2013/3/26 13:54:57,2013/3/26 0:00:00,,,1,2013/3/27 9:42:50,
20121114018,20130326131558,2013/3/26 13:52:16,500,2.98,900001,,2013/3/26 13:52:16,2013/3/26 0:00:00,,,1,2013/3/27 9:42:25,
20121114018,20130326131556,2013/3/26 13:51:11,325,1.937,900001,,2013/3/26 13:51:11,2013/3/26 0:00:00,,,1,2013/3/27 9:42:25,
20121114018,20130326131553,2013/3/26 13:48:36,500,2.98,900001,,2013/3/26 13:48:36,2013/3/26 0:00:00,,,1,2013/3/27 9:42:25,
20121114018,20130326131552,2013/3/26 13:48:33,20000,119.2,900001,,2013/3/26 13:48:33,2013/3/26 0:00:00,,,1,2013/3/27 9:42:25,
20121114018,20130326131549,2013/3/26 13:44:37,100000,596,900001,,2013/3/26 13:44:37,2013/3/26 0:00:00,,,1,2013/3/27 9:42:25,
20121114018,20130326131543,2013/3/26 13:36:13,500,2.98,900001,,2013/3/26 13:36:13,2013/3/26 0:00:00,,,1,2013/3/27 9:42:25,
20121114018,20130326131540,2013/3/26 13:33:26,1333,7.94468,900001,,2013/3/26 13:33:26,2013/3/26 0:00:00,,,1,2013/3/27 9:42:25,
20121114018,20130326131539,2013/3/26 13:32:29,2000,11.92,900001,,2013/3/26 13:32:29,2013/3/26 0:00:00,,,1,2013/3/27 9:42:25,
20121114018,20130326131536,2013/3/26 13:26:33,2000,11.92,900001,,2013/3/26 13:26:33,2013/3/26 0:00:00,,,1,2013/3/27 9:42:25,
20121114018,20130326131534,2013/3/26 13:25:47,1000,5.96,900001,,2013/3/26 13:25:47,2013/3/26 0:00:00,,,1,2013/3/27 9:42:25,
20121114018,20130326131525,2013/3/26 13:15:47,3000,17.88,900001,,2013/3/26 13:15:47,2013/3/26 0:00:00,,,1,2013/3/27 9:42:25,
20121114018,20130326131524,2013/3/26 13:15:45,2000,11.92,900001,,2013/3/26 13:15:45,2013/3/26 0:00:00,,,1,2013/3/27 9:42:39,
20121114018,20130326131523,2013/3/26 13:15:16,2000,11.92,900001,,2013/3/26 13:15:16,2013/3/26 0:00:00,,,1,2013/3/27 9:42:39,
20121114018,20130326131518,2013/3/26 13:12:37,500,2.98,900001,,2013/3/26 13:12:37,2013/3/26 0:00:00,,,1,2013/3/27 9:42:39,
20121114018,20130326131515,2013/3/26 13:04:34,1000,5.96,900001,,2013/3/26 13:04:34,2013/3/26 0:00:00,,,1,2013/3/27 9:42:25,
20121114018,20130326131514,2013/3/26 13:01:26,1000,5.96,900001,,2013/3/26 13:01:26,2013/3/26 0:00:00,,,1,2013/3/27 9:42:44,
20121114018,20130326131513,2013/3/26 13:00:44,1000,5.96,900001,,2013/3/26 13:00:44,2013/3/26 0:00:00,,,1,2013/3/27 9:42:36,
20121114018,20130326131511,2013/3/26 12:57:52,2500,14.9,900001,,2013/3/26 12:57:52,2013/3/26 0:00:00,,,1,2013/3/27 9:42:36,
20121114018,20130326131510,2013/3/26 12:57:02,1500,8.94,900001,,2013/3/26 12:57:02,2013/3/26 0:00:00,,,1,2013/3/27 9:42:36,
20121114018,20130326131509,2013/3/26 12:56:32,2000,11.92,900001,,2013/3/26 12:56:32,2013/3/26 0:00:00,,,1,2013/3/27 9:42:36,
20121114018,20130326131496,2013/3/26 12:34:49,1000,5.96,900001,,2013/3/26 12:34:49,2013/3/26 0:00:00,,,1,2013/3/27 9:42:36,
20121114018,20130326131494,2013/3/26 12:33:36,1100,6.556,900001,,2013/3/26 12:33:36,2013/3/26 0:00:00,,,1,2013/3/27 9:42:36,
20121114018,20130326131479,2013/3/26 12:01:39,1000,5.96,900001,,2013/3/26 12:01:51,2013/3/26 0:00:00,,,1,2013/3/27 9:42:50,
20121114018,20130326131478,2013/3/26 12:01:06,1000,5.96,900001,,2013/3/26 12:01:06,2013/3/26 0:00:00,,,1,2013/3/27 9:42:25,
20121114018,20130326131477,2013/3/26 11:59:13,2000,11.92,900001,,2013/3/26 11:59:13,2013/3/26 0:00:00,,,1,2013/3/27 9:42:25,
20121114018,20130326131474,2013/3/26 11:48:58,2000,11.92,900001,,2013/3/26 11:48:58,2013/3/26 0:00:00,,,1,2013/3/27 9:42:25,
20121114018,20130326131473,2013/3/26 11:47:42,3000,17.88,900001,,2013/3/26 11:47:42,2013/3/26 0:00:00,,,1,2013/3/27 9:42:25,
20121114018,20130326131470,2013/3/26 11:44:58,1000,5.96,900001,,2013/3/26 11:45:10,2013/3/26 0:00:00,,,1,2013/3/27 9:42:50,
20121114018,20130326131467,2013/3/26 11:40:48,735.65,4.384474,900001,,2013/3/26 11:40:48,2013/3/26 0:00:00,,,1,2013/3/27 9:42:25,
20121114018,20130326131460,2013/3/26 11:30:47,100,0.596,900001,,2013/3/26 11:30:47,2013/3/26 0:00:00,,,1,2013/3/27 9:42:36,
20121114018,20130326131459,2013/3/26 11:30:44,500,2.98,900001,,2013/3/26 11:30:44,2013/3/26 0:00:00,,,1,2013/3/27 9:42:25,
20121114018,20130326131455,2013/3/26 11:28:10,2000,11.92,900001,,2013/3/26 11:28:10,2013/3/26 0:00:00,,,1,2013/3/27 9:42:25,
20121114018,20130326131451,2013/3/26 11:24:02,1000,5.96,900001,,2013/3/26 11:24:15,2013/3/26 0:00:00,,,1,2013/3/27 9:42:50,
20121114018,20130326131448,2013/3/26 11:22:14,2000,11.92,900001,,2013/3/26 11:22:14,2013/3/26 0:00:00,,,1,2013/3/27 9:42:36,
20121114018,20130326131445,2013/3/26 11:17:11,213.5,1.27246,900001,,2013/3/26 11:17:11,2013/3/26 0:00:00,,,1,2013/3/27 9:42:25,
20121114018,20130326131441,2013/3/26 11:15:53,500,2.98,900001,,2013/3/26 11:15:53,2013/3/26 0:00:00,,,1,2013/3/27 9:42:36,
20121114018,20130326131438,2013/3/26 11:13:23,5000,29.8,900001,,2013/3/26 11:13:23,2013/3/26 0:00:00,,,1,2013/3/27 9:42:46,
20121114018,20130326131435,2013/3/26 11:10:15,1400,8.344,900001,,2013/3/26 11:10:15,2013/3/26 0:00:00,,,1,2013/3/27 9:42:25,
20121114018,20130326131434,2013/3/26 11:09:34,1000,5.96,900001,,2013/3/26 11:09:34,2013/3/26 0:00:00,,,1,2013/3/27 9:42:25,
20121114018,20130326131433,2013/3/26 11:09:15,2000,11.92,900001,,2013/3/26 11:09:15,2013/3/26 0:00:00,,,1,2013/3/27 9:42:25,
20121114018,20130326131429,2013/3/26 11:00:45,4000,23.84,900001,,2013/3/26 11:00:45,2013/3/26 0:00:00,,,1,2013/3/27 9:42:25,
20121114018,20130326131427,2013/3/26 10:58:47,500,2.98,900001,,2013/3/26 10:58:47,2013/3/26 0:00:00,,,1,2013/3/27 9:42:44,
20121114018,20130326131424,2013/3/26 10:53:49,2000,11.92,900001,,2013/3/26 10:53:49,2013/3/26 0:00:00,,,1,2013/3/27 9:42:25,
20121114018,20130326131421,2013/3/26 10:50:18,3000,17.88,900001,,2013/3/26 10:50:18,2013/3/26 0:00:00,,,1,2013/3/27 9:42:25,
20121114018,20130326131418,2013/3/26 10:45:45,2300,13.708,900001,,2013/3/26 10:45:45,2013/3/26 0:00:00,,,1,2013/3/27 9:42:36,
20121114018,20130326131409,2013/3/26 10:38:00,1000,5.96,900001,,2013/3/26 10:38:00,2013/3/26 0:00:00,,,1,2013/3/27 9:42:25,
20121114018,20130326131406,2013/3/26 10:34:46,4000,23.84,900001,,2013/3/26 10:34:46,2013/3/26 0:00:00,,,1,2013/3/27 9:42:25,
20121114018,20130326131405,2013/3/26 10:34:05,4000,23.84,900001,,2013/3/26 10:34:05,2013/3/26 0:00:00,,,1,2013/3/27 9:42:25,
20121114018,20130326131404,2013/3/26 10:33:02,3000,17.88,900001,,2013/3/26 10:33:02,2013/3/26 0:00:00,,,1,2013/3/27 9:42:25,
20121114018,20130326131395,2013/3/26 10:22:48,10000,59.6,900001,,2013/3/26 10:22:48,2013/3/26 0:00:00,,,1,2013/3/27 9:42:36,
20121114018,20130326131386,2013/3/26 10:01:13,1000,5.96,900001,,2013/3/26 10:01:25,2013/3/26 0:00:00,,,1,2013/3/27 9:42:50,
20121114018,20130326131381,2013/3/26 9:50:34,100,0.596,900001,,2013/3/26 9:50:34,2013/3/26 0:00:00,,,1,2013/3/27 9:42:25,
20121114018,20130326131380,2013/3/26 9:50:31,100,0.596,900001,,2013/3/26 9:50:31,2013/3/26 0:00:00,,,1,2013/3/27 9:42:25,
20121114018,20130326131379,2013/3/26 9:50:28,300,1.788,900001,,2013/3/26 9:50:28,2013/3/26 0:00:00,,,1,2013/3/27 9:42:25,
20121114018,20130326131377,2013/3/26 9:49:56,100,0.596,900001,,2013/3/26 9:49:56,2013/3/26 0:00:00,,,1,2013/3/27 9:42:25,
20121114018,20130326131375,2013/3/26 9:49:41,222,1.32312,900001,,2013/3/26 9:49:41,2013/3/26 0:00:00,,,1,2013/3/27 9:42:25,
20121114018,20130326131374,2013/3/26 9:49:27,300,1.788,900001,,2013/3/26 9:49:27,2013/3/26 0:00:00,,,1,2013/3/27 9:42:25,
20121114018,20130326131373,2013/3/26 9:49:24,100,0.596,900001,,2013/3/26 9:49:24,2013/3/26 0:00:00,,,1,2013/3/27 9:42:25,
20121114018,20130326131370,2013/3/26 9:49:15,200,1.192,900001,,2013/3/26 9:49:15,2013/3/26 0:00:00,,,1,2013/3/27 9:42:25,
20121114018,20130326131369,2013/3/26 9:49:00,200,1.192,900001,,2013/3/26 9:49:00,2013/3/26 0:00:00,,,1,2013/3/27 9:42:25,
20121114018,20130326131368,2013/3/26 9:48:53,100,0.596,900001,,2013/3/26 9:48:53,2013/3/26 0:00:00,,,1,2013/3/27 9:42:25,
20121114018,20130326131364,2013/3/26 9:48:30,100,0.596,900001,,2013/3/26 9:48:30,2013/3/26 0:00:00,,,1,2013/3/27 9:42:25,
20121114018,20130326131349,2013/3/26 9:44:43,1000,5.96,900001,,2013/3/26 9:44:43,2013/3/26 0:00:00,,,1,2013/3/27 9:42:36,
20121114018,20130326131347,2013/3/26 9:44:38,200,1.192,900001,,2013/3/26 9:44:38,2013/3/26 0:00:00,,,1,2013/3/27 9:42:25,
20121114018,20130326131342,2013/3/26 9:44:23,200,1.192,900001,,2013/3/26 9:44:23,2013/3/26 0:00:00,,,1,2013/3/27 9:42:36,
20121114018,20130326131340,2013/3/26 9:43:52,1000,5.96,900001,,2013/3/26 9:43:52,2013/3/26 0:00:00,,,1,2013/3/27 9:42:36,
20121114018,20130326131339,2013/3/26 9:43:52,100,0.596,900001,,2013/3/26 9:43:52,2013/3/26 0:00:00,,,1,2013/3/27 9:42:25,
20121114018,20130326131337,2013/3/26 9:43:47,200,1.192,900001,,2013/3/26 9:43:47,2013/3/26 0:00:00,,,1,2013/3/27 9:42:25,
20121114018,20130326131336,2013/3/26 9:43:45,100,0.596,900001,,2013/3/26 9:43:45,2013/3/26 0:00:00,,,1,2013/3/27 9:42:25,
20121114018,20130326131334,2013/3/26 9:43:19,200,1.192,900001,,2013/3/26 9:43:19,2013/3/26 0:00:00,,,1,2013/3/27 9:42:25,
20121114018,20130326131331,2013/3/26 9:43:09,300,1.788,900001,,2013/3/26 9:43:09,2013/3/26 0:00:00,,,1,2013/3/27 9:42:25,
20121114018,20130326131325,2013/3/26 9:42:29,1000,5.96,900001,,2013/3/26 9:42:29,2013/3/26 0:00:00,,,1,2013/3/27 9:42:36,
20121114018,20130326131323,2013/3/26 9:41:31,500,2.98,900001,,2013/3/26 9:41:31,2013/3/26 0:00:00,,,1,2013/3/27 9:42:25,
20121114018,20130326131322,2013/3/26 9:41:20,100,0.596,900001,,2013/3/26 9:41:20,2013/3/26 0:00:00,,,1,2013/3/27 9:42:25,
20121114018,20130326131320,2013/3/26 9:40:50,200,1.192,900001,,2013/3/26 9:40:50,2013/3/26 0:00:00,,,1,2013/3/27 9:42:25,
20121114018,20130326131315,2013/3/26 9:38:11,500,2.98,900001,,2013/3/26 9:38:11,2013/3/26 0:00:00,,,1,2013/3/27 9:42:25,
20121114018,20130326131314,2013/3/26 9:38:03,500,2.98,900001,,2013/3/26 9:38:03,2013/3/26 0:00:00,,,1,2013/3/27 9:42:25,
20121114018,20130326131313,2013/3/26 9:36:57,1000,5.96,900001,,2013/3/26 9:36:57,2013/3/26 0:00:00,,,1,2013/3/27 9:42:36,
20121114018,20130326131312,2013/3/26 9:35:17,1000,5.96,900001,,2013/3/26 9:35:17,2013/3/26 0:00:00,,,1,2013/3/27 9:42:36,
20121114018,20130326131305,2013/3/26 9:33:29,100,0.596,900001,,2013/3/26 9:33:29,2013/3/26 0:00:00,,,1,2013/3/27 9:42:25,
20121114018,20130326131300,2013/3/26 9:31:53,100,0.596,900001,,2013/3/26 9:31:53,2013/3/26 0:00:00,,,1,2013/3/27 9:42:25,
20121114018,20130326131299,2013/3/26 9:31:38,500,2.98,900001,,2013/3/26 9:31:38,2013/3/26 0:00:00,,,1,2013/3/27 9:42:25,
20121114018,20130326131296,2013/3/26 9:30:23,100,0.596,900001,,2013/3/26 9:30:23,2013/3/26 0:00:00,,,1,2013/3/27 9:42:25,
20121114018,20130326131294,2013/3/26 9:30:18,100,0.596,900001,,2013/3/26 9:30:18,2013/3/26 0:00:00,,,1,2013/3/27 9:42:25,
20121114018,20130326131291,2013/3/26 9:28:43,200,1.192,900001,,2013/3/26 9:28:43,2013/3/26 0:00:00,,,1,2013/3/27 9:42:25,
20121114018,20130326131289,2013/3/26 9:28:00,2000,11.92,900001,,2013/3/26 9:28:00,2013/3/26 0:00:00,,,1,2013/3/27 9:42:25,
20121114018,20130326131288,2013/3/26 9:27:46,20000,119.2,900001,,2013/3/26 9:27:46,2013/3/26 0:00:00,,,1,2013/3/27 9:42:25,
20121114018,20130326131284,2013/3/26 9:26:12,100,0.596,900001,,2013/3/26 9:26:12,2013/3/26 0:00:00,,,1,2013/3/27 9:42:25,
20121114018,20130326131280,2013/3/26 9:22:51,1000,5.96,900001,,2013/3/26 9:22:51,2013/3/26 0:00:00,,,1,2013/3/27 9:42:25,
20121114018,20130326131278,2013/3/26 9:22:40,100,0.596,900001,,2013/3/26 9:22:40,2013/3/26 0:00:00,,,1,2013/3/27 9:42:39,
20121114018,20130326131272,2013/3/26 9:21:03,100,0.596,900001,,2013/3/26 9:21:03,2013/3/26 0:00:00,,,1,2013/3/27 9:42:36,
20121114018,20130326131270,2013/3/26 9:20:44,150,0.894,900001,,2013/3/26 9:20:44,2013/3/26 0:00:00,,,1,2013/3/27 9:42:25,
20121114018,20130326131267,2013/3/26 9:19:12,1000,5.96,900001,,2013/3/26 9:19:12,2013/3/26 0:00:00,,,1,2013/3/27 9:42:25,
20121114018,20130326131266,2013/3/26 9:18:29,100,0.596,900001,,2013/3/26 9:18:29,2013/3/26 0:00:00,,,1,2013/3/27 9:42:25,
20121114018,20130326131264,2013/3/26 9:16:42,150,0.894,900001,,2013/3/26 9:16:42,2013/3/26 0:00:00,,,1,2013/3/27 9:42:25,
20121114018,20130326131263,2013/3/26 9:15:39,100,0.596,900001,,2013/3/26 9:15:39,2013/3/26 0:00:00,,,1,2013/3/27 9:42:25,
20121114018,20130326131262,2013/3/26 9:14:29,100,0.596,900001,,2013/3/26 9:14:29,2013/3/26 0:00:00,,,1,2013/3/27 9:42:36,
20121114018,20130326131261,2013/3/26 9:14:23,100,0.596,900001,,2013/3/26 9:14:23,2013/3/26 0:00:00,,,1,2013/3/27 9:42:25,
20121114018,20130326131260,2013/3/26 9:14:21,100,0.596,900001,,2013/3/26 9:14:21,2013/3/26 0:00:00,,,1,2013/3/27 9:42:25,
20121114018,20130326131259,2013/3/26 9:14:16,150,0.894,900001,,2013/3/26 9:14:16,2013/3/26 0:00:00,,,1,2013/3/27 9:42:25,
20121114018,20130326131258,2013/3/26 9:14:11,100,0.596,900001,,2013/3/26 9:14:11,2013/3/26 0:00:00,,,1,2013/3/27 9:42:36,
20121114018,20130326131255,2013/3/26 9:13:14,100,0.596,900001,,2013/3/26 9:13:14,2013/3/26 0:00:00,,,1,2013/3/27 9:42:36,
20121114018,20130326131253,2013/3/26 9:12:53,100,0.596,900001,,2013/3/26 9:12:53,2013/3/26 0:00:00,,,1,2013/3/27 9:42:36,
20121114018,20130326131251,2013/3/26 9:12:53,200,1.192,900001,,2013/3/26 9:12:53,2013/3/26 0:00:00,,,1,2013/3/27 9:42:25,
20121114018,20130326131250,2013/3/26 9:12:53,300,1.788,900001,,2013/3/26 9:12:53,2013/3/26 0:00:00,,,1,2013/3/27 9:42:25,
20121114018,20130326131249,2013/3/26 9:12:53,300,1.788,900001,,2013/3/26 9:12:53,2013/3/26 0:00:00,,,1,2013/3/27 9:42:36,
20121114018,20130326131248,2013/3/26 9:12:53,200,1.192,900001,,2013/3/26 9:12:53,2013/3/26 0:00:00,,,1,2013/3/27 9:42:25,
20121114018,20130326131242,2013/3/26 9:12:53,255,1.5198,900001,,2013/3/26 9:12:53,2013/3/26 0:00:00,,,1,2013/3/27 9:42:25,
20121114018,20130326131241,2013/3/26 9:12:53,170,1.0132,900001,,2013/3/26 9:12:53,2013/3/26 0:00:00,,,1,2013/3/27 9:42:25,
20121114018,20130326131240,2013/3/26 9:12:53,100,0.596,900001,,2013/3/26 9:12:53,2013/3/26 0:00:00,,,1,2013/3/27 9:42:36,
20121114018,20130326131237,2013/3/26 9:12:52,500,2.98,900001,,2013/3/26 9:12:52,2013/3/26 0:00:00,,,1,2013/3/27 9:42:44,
20121114018,20130326131236,2013/3/26 9:12:04,1000,5.96,900001,,2013/3/26 9:12:04,2013/3/26 0:00:00,,,1,2013/3/27 9:42:25,
20121114018,20130326131234,2013/3/26 9:11:26,200,1.192,900001,,2013/3/26 9:11:26,2013/3/26 0:00:00,,,1,2013/3/27 9:42:25,
20121114018,20130326131232,2013/3/26 9:09:11,200,1.192,900001,,2013/3/26 9:09:11,2013/3/26 0:00:00,,,1,2013/3/27 9:42:25,
20121114018,20130326131231,2013/3/26 9:09:03,200,1.192,900001,,2013/3/26 9:09:03,2013/3/26 0:00:00,,,1,2013/3/27 9:42:25,
20121114018,20130326131230,2013/3/26 9:07:36,200,1.192,900001,,2013/3/26 9:07:36,2013/3/26 0:00:00,,,1,2013/3/27 9:42:25,
20121114018,20130326131220,2013/3/26 9:01:38,100,0.596,900001,,2013/3/26 9:01:38,2013/3/26 0:00:00,,,1,2013/3/27 9:42:25,
20121114018,20130326131218,2013/3/26 9:01:12,500,2.98,900001,,2013/3/26 9:01:12,2013/3/26 0:00:00,,,1,2013/3/27 9:42:25,
20121114018,20130326131217,2013/3/26 9:01:09,200,1.192,900001,,2013/3/26 9:01:09,2013/3/26 0:00:00,,,1,2013/3/27 9:42:25,
20121114018,20130326131214,2013/3/26 8:59:55,100,0.596,900001,,2013/3/26 8:59:55,2013/3/26 0:00:00,,,1,2013/3/27 9:42:25,
20121114018,20130326131203,2013/3/26 8:25:29,1000,5.96,900001,,2013/3/26 8:25:41,2013/3/26 0:00:00,,,1,2013/3/27 9:42:50,
20121114018,20130326131202,2013/3/26 8:23:57,5000,29.8,900001,,2013/3/26 8:24:10,2013/3/26 0:00:00,,,1,2013/3/27 9:42:50,
20121114018,20130326131200,2013/3/26 8:05:07,500,2.98,900001,,2013/3/26 8:05:07,2013/3/26 0:00:00,,,1,2013/3/27 9:42:25,
20121114018,20130326131199,2013/3/26 7:49:31,1500,8.94,900001,,2013/3/26 7:49:31,2013/3/26 0:00:00,,,1,2013/3/27 9:42:25,
20121114018,20130326131195,2013/3/26 2:38:10,1000,5.96,900001,,2013/3/26 2:38:23,2013/3/26 0:00:00,,,1,2013/3/27 9:42:50,
20121114018,20130326131190,2013/3/26 1:09:20,360,2.1456,900001,,2013/3/26 1:09:20,2013/3/26 0:00:00,,,1,2013/3/27 9:42:25,
20121114018,20130326131176,2013/3/25 23:26:09,2000,11.92,900001,,2013/3/25 23:26:09,2013/3/26 0:00:00,,,1,2013/3/27 9:42:25,
20121114018,20130326131172,2013/3/25 23:09:00,1000,5.96,900001,,2013/3/25 23:09:00,2013/3/26 0:00:00,,,1,2013/3/27 9:42:36,
20121114018,20130326131169,2013/3/25 23:03:18,100,0.596,900001,,2013/3/25 23:03:18,2013/3/26 0:00:00,,,1,2013/3/27 9:42:25,
20121114018,20130326131854,2013/3/26 22:20:15,1000,5.96,900002,,2013/3/26 22:20:15,2013/3/26 0:00:00,,,1,2013/3/27 10:09:12,
20121114018,20130326131850,2013/3/26 22:00:23,500,2.98,900002,,2013/3/26 22:00:23,2013/3/26 0:00:00,,,1,2013/3/27 10:09:12,
20121114018,20130326131845,2013/3/26 21:38:12,10000,59.6,900002,,2013/3/26 21:38:12,2013/3/26 0:00:00,,,1,2013/3/27 10:09:12,
20121114018,20130326131830,2013/3/26 20:40:03,2000,11.92,900002,,2013/3/26 20:40:03,2013/3/26 0:00:00,,,1,2013/3/27 10:09:12,
20121114018,20130326131810,2013/3/26 20:01:41,1000,5.96,900002,,2013/3/26 20:01:41,2013/3/26 0:00:00,,,1,2013/3/27 10:09:12,
20121114018,20130326131798,2013/3/26 19:21:20,3000,17.88,900002,,2013/3/26 19:21:20,2013/3/26 0:00:00,,,1,2013/3/27 10:09:12,
20121114018,20130326131741,2013/3/26 15:32:05,500,2.98,900002,,2013/3/26 15:32:05,2013/3/26 0:00:00,,,1,2013/3/27 10:09:12,
20121114018,20130326131675,2013/3/26 14:46:32,10500,62.58,900002,,2013/3/26 14:46:32,2013/3/26 0:00:00,,,1,2013/3/27 10:09:12,
20121114018,20130326131669,2013/3/26 14:45:24,60000,357.6,900002,,2013/3/26 14:45:24,2013/3/26 0:00:00,,,1,2013/3/27 10:09:12,
20121114018,20130326131665,2013/3/26 14:44:58,20000,119.2,900002,,2013/3/26 14:44:58,2013/3/26 0:00:00,,,1,2013/3/27 10:09:12,
20121114018,20130326131608,2013/3/26 14:26:43,2000,11.92,900002,,2013/3/26 14:26:43,2013/3/26 0:00:00,,,1,2013/3/27 10:09:12,
20121114018,20130326131598,2013/3/26 14:20:31,12231,72.89676,900002,,2013/3/26 14:20:31,2013/3/26 0:00:00,,,1,2013/3/27 10:09:12,
20121114018,20130326131582,2013/3/26 14:12:05,11800,70.328,900002,,2013/3/26 14:12:05,2013/3/26 0:00:00,,,1,2013/3/27 10:09:12,
20121114018,20130326131571,2013/3/26 14:03:32,500,2.98,900002,,2013/3/26 14:03:32,2013/3/26 0:00:00,,,1,2013/3/27 10:09:12,
20121114018,20130326131547,2013/3/26 13:43:53,600,3.576,900002,,2013/3/26 13:43:53,2013/3/26 0:00:00,,,1,2013/3/27 10:09:12,
20121114018,20130326131530,2013/3/26 13:20:37,1483,8.83868,900002,,2013/3/26 13:20:37,2013/3/26 0:00:00,,,1,2013/3/27 10:09:12,
20121114018,20130326131476,2013/3/26 11:55:54,10000,59.6,900002,,2013/3/26 11:55:54,2013/3/26 0:00:00,,,1,2013/3/27 10:09:12,
20121114018,20130326131439,2013/3/26 11:15:50,1500,8.94,900002,,2013/3/26 11:15:50,2013/3/26 0:00:00,,,1,2013/3/27 10:09:12,
20121114018,20130326131437,2013/3/26 11:11:37,327000,1948.92,900002,,2013/3/26 11:11:37,2013/3/26 0:00:00,,,1,2013/3/27 10:09:12,
20121114018,20130326131432,2013/3/26 11:08:23,100000,596,900002,,2013/3/26 11:08:23,2013/3/26 0:00:00,,,1,2013/3/27 10:09:12,
20121114018,20130326131419,2013/3/26 10:45:57,2000,11.92,900002,,2013/3/26 10:45:57,2013/3/26 0:00:00,,,1,2013/3/27 10:09:12,
20121114018,20130326131416,2013/3/26 10:42:55,1000000,5960,900002,,2013/3/26 10:42:55,2013/3/26 0:00:00,,,1,2013/3/27 10:09:12,
20121114018,20130326131408,2013/3/26 10:37:28,40000,238.4,900002,,2013/3/26 10:37:28,2013/3/26 0:00:00,,,1,2013/3/27 10:09:12,
20121114018,20130326131385,2013/3/26 10:00:45,1000,5.96,900002,,2013/3/26 10:00:45,2013/3/26 0:00:00,,,1,2013/3/27 10:09:12,
20121114018,20130326131326,2013/3/26 9:42:30,1000,5.96,900002,,2013/3/26 9:42:30,2013/3/26 0:00:00,,,1,2013/3/27 10:09:12,
20121114018,20130326131317,2013/3/26 9:40:00,2000,11.92,900002,,2013/3/26 9:40:00,2013/3/26 0:00:00,,,1,2013/3/27 10:09:12,
20121114018,20130326131254,2013/3/26 9:12:58,10000,59.6,900002,,2013/3/26 9:12:58,2013/3/26 0:00:00,,,1,2013/3/27 10:09:12,
20121114018,20130326131224,2013/3/26 9:03:47,100,0.596,900002,,2013/3/26 9:03:47,2013/3/26 0:00:00,,,1,2013/3/27 10:09:12,
20121114018,20130326131223,2013/3/26 9:03:47,500,2.98,900002,,2013/3/26 9:03:47,2013/3/26 0:00:00,,,1,2013/3/27 10:09:12,
20121114018,20130326131197,2013/3/26 7:17:20,600,3.576,900002,,2013/3/26 7:17:20,2013/3/26 0:00:00,,,1,2013/3/27 10:09:12,
20121114018,20130326131196,2013/3/26 7:14:45,500,2.98,900002,,2013/3/26 7:14:45,2013/3/26 0:00:00,,,1,2013/3/27 10:09:12,
,,,,,,,,,,,,,
,,,,,,,,,,,,,
,,,,,,,,,,,,,
,,,,,,,,,,,,,
,,,,,,,,,,,,,
,,,,,,,,,,,,,
,,,,,,,,,,,,,
,,,,,,,,,,,,,
